time_s,agg_read_mbps,agg_write_mbps,mean_util_pct,cpu_pct,iowait_pct,nvme0n1p1_read_mbps,nvme0n1p1_write_mbps,nvme0n1p1_util_pct,nvme10n1p1_read_mbps,nvme10n1p1_write_mbps,nvme10n1p1_util_pct,nvme11n1p1_read_mbps,nvme11n1p1_write_mbps,nvme11n1p1_util_pct,nvme12n1p1_read_mbps,nvme12n1p1_write_mbps,nvme12n1p1_util_pct,nvme13n1p1_read_mbps,nvme13n1p1_write_mbps,nvme13n1p1_util_pct,nvme14n1p1_read_mbps,nvme14n1p1_write_mbps,nvme14n1p1_util_pct,nvme15n1p1_read_mbps,nvme15n1p1_write_mbps,nvme15n1p1_util_pct,nvme17n1p1_read_mbps,nvme17n1p1_write_mbps,nvme17n1p1_util_pct,nvme18n1p1_read_mbps,nvme18n1p1_write_mbps,nvme18n1p1_util_pct,nvme19n1p1_read_mbps,nvme19n1p1_write_mbps,nvme19n1p1_util_pct,nvme1n1p1_read_mbps,nvme1n1p1_write_mbps,nvme1n1p1_util_pct,nvme20n1p1_read_mbps,nvme20n1p1_write_mbps,nvme20n1p1_util_pct,nvme21n1p1_read_mbps,nvme21n1p1_write_mbps,nvme21n1p1_util_pct,nvme22n1p1_read_mbps,nvme22n1p1_write_mbps,nvme22n1p1_util_pct,nvme23n1p1_read_mbps,nvme23n1p1_write_mbps,nvme23n1p1_util_pct,nvme24n1p1_read_mbps,nvme24n1p1_write_mbps,nvme24n1p1_util_pct,nvme25n1p1_read_mbps,nvme25n1p1_write_mbps,nvme25n1p1_util_pct,nvme26n1p1_read_mbps,nvme26n1p1_write_mbps,nvme26n1p1_util_pct,nvme27n1p1_read_mbps,nvme27n1p1_write_mbps,nvme27n1p1_util_pct,nvme28n1p1_read_mbps,nvme28n1p1_write_mbps,nvme28n1p1_util_pct,nvme29n1p1_read_mbps,nvme29n1p1_write_mbps,nvme29n1p1_util_pct,nvme2n1p1_read_mbps,nvme2n1p1_write_mbps,nvme2n1p1_util_pct,nvme30n1p3_read_mbps,nvme30n1p3_write_mbps,nvme30n1p3_util_pct,nvme3n1p1_read_mbps,nvme3n1p1_write_mbps,nvme3n1p1_util_pct,nvme4n1p1_read_mbps,nvme4n1p1_write_mbps,nvme4n1p1_util_pct,nvme5n1p1_read_mbps,nvme5n1p1_write_mbps,nvme5n1p1_util_pct,nvme6n1p1_read_mbps,nvme6n1p1_write_mbps,nvme6n1p1_util_pct,nvme7n1p1_read_mbps,nvme7n1p1_write_mbps,nvme7n1p1_util_pct,nvme8n1p1_read_mbps,nvme8n1p1_write_mbps,nvme8n1p1_util_pct,nvme9n1p1_read_mbps,nvme9n1p1_write_mbps,nvme9n1p1_util_pct
0.0155,0.000,0.000,0.00,28.76,0.00,0.000,0.000,0.00,0.000,0.000,0.00,0.000,0.000,0.00,0.000,0.000,0.00,0.000,0.000,0.00,0.000,0.000,0.00,0.000,0.000,0.00,0.000,0.000,0.00,0.000,0.000,0.00,0.000,0.000,0.00,0.000,0.000,0.00,0.000,0.000,0.00,0.000,0.000,0.00,0.000,0.000,0.00,0.000,0.000,0.00,0.000,0.000,0.00,0.000,0.000,0.00,0.000,0.000,0.00,0.000,0.000,0.00,0.000,0.000,0.00,0.000,0.000,0.00,0.000,0.000,0.00,0.000,0.000,0.00,0.000,0.000,0.00,0.000,0.000,0.00,0.000,0.000,0.00,0.000,0.000,0.00,0.000,0.000,0.00,0.000,0.000,0.00,0.000,0.000,0.00
0.1625,0.000,0.000,0.00,83.12,0.00,0.000,0.000,0.00,0.000,0.000,0.00,0.000,0.000,0.00,0.000,0.000,0.00,0.000,0.000,0.00,0.000,0.000,0.00,0.000,0.000,0.00,0.000,0.000,0.00,0.000,0.000,0.00,0.000,0.000,0.00,0.000,0.000,0.00,0.000,0.000,0.00,0.000,0.000,0.00,0.000,0.000,0.00,0.000,0.000,0.00,0.000,0.000,0.00,0.000,0.000,0.00,0.000,0.000,0.00,0.000,0.000,0.00,0.000,0.000,0.00,0.000,0.000,0.00,0.000,0.000,0.00,0.000,0.000,0.00,0.000,0.000,0.00,0.000,0.000,0.00,0.000,0.000,0.00,0.000,0.000,0.00,0.000,0.000,0.00,0.000,0.000,0.00,0.000,0.000,0.00
0.2705,0.000,0.000,0.00,91.47,0.00,0.000,0.000,0.00,0.000,0.000,0.00,0.000,0.000,0.00,0.000,0.000,0.00,0.000,0.000,0.00,0.000,0.000,0.00,0.000,0.000,0.00,0.000,0.000,0.00,0.000,0.000,0.00,0.000,0.000,0.00,0.000,0.000,0.00,0.000,0.000,0.00,0.000,0.000,0.00,0.000,0.000,0.00,0.000,0.000,0.00,0.000,0.000,0.00,0.000,0.000,0.00,0.000,0.000,0.00,0.000,0.000,0.00,0.000,0.000,0.00,0.000,0.000,0.00,0.000,0.000,0.00,0.000,0.000,0.00,0.000,0.000,0.00,0.000,0.000,0.00,0.000,0.000,0.00,0.000,0.000,0.00,0.000,0.000,0.00,0.000,0.000,0.00,0.000,0.000,0.00
0.3815,0.000,0.000,0.00,96.10,0.00,0.000,0.000,0.00,0.000,0.000,0.00,0.000,0.000,0.00,0.000,0.000,0.00,0.000,0.000,0.00,0.000,0.000,0.00,0.000,0.000,0.00,0.000,0.000,0.00,0.000,0.000,0.00,0.000,0.000,0.00,0.000,0.000,0.00,0.000,0.000,0.00,0.000,0.000,0.00,0.000,0.000,0.00,0.000,0.000,0.00,0.000,0.000,0.00,0.000,0.000,0.00,0.000,0.000,0.00,0.000,0.000,0.00,0.000,0.000,0.00,0.000,0.000,0.00,0.000,0.000,0.00,0.000,0.000,0.00,0.000,0.000,0.00,0.000,0.000,0.00,0.000,0.000,0.00,0.000,0.000,0.00,0.000,0.000,0.00,0.000,0.000,0.00,0.000,0.000,0.00
0.4915,0.000,0.000,0.00,96.44,0.00,0.000,0.000,0.00,0.000,0.000,0.00,0.000,0.000,0.00,0.000,0.000,0.00,0.000,0.000,0.00,0.000,0.000,0.00,0.000,0.000,0.00,0.000,0.000,0.00,0.000,0.000,0.00,0.000,0.000,0.00,0.000,0.000,0.00,0.000,0.000,0.00,0.000,0.000,0.00,0.000,0.000,0.00,0.000,0.000,0.00,0.000,0.000,0.00,0.000,0.000,0.00,0.000,0.000,0.00,0.000,0.000,0.00,0.000,0.000,0.00,0.000,0.000,0.00,0.000,0.000,0.00,0.000,0.000,0.00,0.000,0.000,0.00,0.000,0.000,0.00,0.000,0.000,0.00,0.000,0.000,0.00,0.000,0.000,0.00,0.000,0.000,0.00,0.000,0.000,0.00
0.6058,0.000,0.000,0.00,97.52,0.00,0.000,0.000,0.00,0.000,0.000,0.00,0.000,0.000,0.00,0.000,0.000,0.00,0.000,0.000,0.00,0.000,0.000,0.00,0.000,0.000,0.00,0.000,0.000,0.00,0.000,0.000,0.00,0.000,0.000,0.00,0.000,0.000,0.00,0.000,0.000,0.00,0.000,0.000,0.00,0.000,0.000,0.00,0.000,0.000,0.00,0.000,0.000,0.00,0.000,0.000,0.00,0.000,0.000,0.00,0.000,0.000,0.00,0.000,0.000,0.00,0.000,0.000,0.00,0.000,0.000,0.00,0.000,0.000,0.00,0.000,0.000,0.00,0.000,0.000,0.00,0.000,0.000,0.00,0.000,0.000,0.00,0.000,0.000,0.00,0.000,0.000,0.00,0.000,0.000,0.00
0.7268,0.000,0.000,0.00,97.71,0.00,0.000,0.000,0.00,0.000,0.000,0.00,0.000,0.000,0.00,0.000,0.000,0.00,0.000,0.000,0.00,0.000,0.000,0.00,0.000,0.000,0.00,0.000,0.000,0.00,0.000,0.000,0.00,0.000,0.000,0.00,0.000,0.000,0.00,0.000,0.000,0.00,0.000,0.000,0.00,0.000,0.000,0.00,0.000,0.000,0.00,0.000,0.000,0.00,0.000,0.000,0.00,0.000,0.000,0.00,0.000,0.000,0.00,0.000,0.000,0.00,0.000,0.000,0.00,0.000,0.000,0.00,0.000,0.000,0.00,0.000,0.000,0.00,0.000,0.000,0.00,0.000,0.000,0.00,0.000,0.000,0.00,0.000,0.000,0.00,0.000,0.000,0.00,0.000,0.000,0.00
0.8347,0.000,0.000,0.00,97.66,0.00,0.000,0.000,0.00,0.000,0.000,0.00,0.000,0.000,0.00,0.000,0.000,0.00,0.000,0.000,0.00,0.000,0.000,0.00,0.000,0.000,0.00,0.000,0.000,0.00,0.000,0.000,0.00,0.000,0.000,0.00,0.000,0.000,0.00,0.000,0.000,0.00,0.000,0.000,0.00,0.000,0.000,0.00,0.000,0.000,0.00,0.000,0.000,0.00,0.000,0.000,0.00,0.000,0.000,0.00,0.000,0.000,0.00,0.000,0.000,0.00,0.000,0.000,0.00,0.000,0.000,0.00,0.000,0.000,0.00,0.000,0.000,0.00,0.000,0.000,0.00,0.000,0.000,0.00,0.000,0.000,0.00,0.000,0.000,0.00,0.000,0.000,0.00,0.000,0.000,0.00
0.9440,0.000,0.000,0.00,98.76,0.00,0.000,0.000,0.00,0.000,0.000,0.00,0.000,0.000,0.00,0.000,0.000,0.00,0.000,0.000,0.00,0.000,0.000,0.00,0.000,0.000,0.00,0.000,0.000,0.00,0.000,0.000,0.00,0.000,0.000,0.00,0.000,0.000,0.00,0.000,0.000,0.00,0.000,0.000,0.00,0.000,0.000,0.00,0.000,0.000,0.00,0.000,0.000,0.00,0.000,0.000,0.00,0.000,0.000,0.00,0.000,0.000,0.00,0.000,0.000,0.00,0.000,0.000,0.00,0.000,0.000,0.00,0.000,0.000,0.00,0.000,0.000,0.00,0.000,0.000,0.00,0.000,0.000,0.00,0.000,0.000,0.00,0.000,0.000,0.00,0.000,0.000,0.00,0.000,0.000,0.00
1.0590,0.000,0.000,0.00,98.94,0.00,0.000,0.000,0.00,0.000,0.000,0.00,0.000,0.000,0.00,0.000,0.000,0.00,0.000,0.000,0.00,0.000,0.000,0.00,0.000,0.000,0.00,0.000,0.000,0.00,0.000,0.000,0.00,0.000,0.000,0.00,0.000,0.000,0.00,0.000,0.000,0.00,0.000,0.000,0.00,0.000,0.000,0.00,0.000,0.000,0.00,0.000,0.000,0.00,0.000,0.000,0.00,0.000,0.000,0.00,0.000,0.000,0.00,0.000,0.000,0.00,0.000,0.000,0.00,0.000,0.000,0.00,0.000,0.000,0.00,0.000,0.000,0.00,0.000,0.000,0.00,0.000,0.000,0.00,0.000,0.000,0.00,0.000,0.000,0.00,0.000,0.000,0.00,0.000,0.000,0.00
1.2016,0.000,0.000,0.00,99.11,0.00,0.000,0.000,0.00,0.000,0.000,0.00,0.000,0.000,0.00,0.000,0.000,0.00,0.000,0.000,0.00,0.000,0.000,0.00,0.000,0.000,0.00,0.000,0.000,0.00,0.000,0.000,0.00,0.000,0.000,0.00,0.000,0.000,0.00,0.000,0.000,0.00,0.000,0.000,0.00,0.000,0.000,0.00,0.000,0.000,0.00,0.000,0.000,0.00,0.000,0.000,0.00,0.000,0.000,0.00,0.000,0.000,0.00,0.000,0.000,0.00,0.000,0.000,0.00,0.000,0.000,0.00,0.000,0.000,0.00,0.000,0.000,0.00,0.000,0.000,0.00,0.000,0.000,0.00,0.000,0.000,0.00,0.000,0.000,0.00,0.000,0.000,0.00,0.000,0.000,0.00
1.3073,0.000,0.000,0.00,7.79,0.00,0.000,0.000,0.00,0.000,0.000,0.00,0.000,0.000,0.00,0.000,0.000,0.00,0.000,0.000,0.00,0.000,0.000,0.00,0.000,0.000,0.00,0.000,0.000,0.00,0.000,0.000,0.00,0.000,0.000,0.00,0.000,0.000,0.00,0.000,0.000,0.00,0.000,0.000,0.00,0.000,0.000,0.00,0.000,0.000,0.00,0.000,0.000,0.00,0.000,0.000,0.00,0.000,0.000,0.00,0.000,0.000,0.00,0.000,0.000,0.00,0.000,0.000,0.00,0.000,0.000,0.00,0.000,0.000,0.00,0.000,0.000,0.00,0.000,0.000,0.00,0.000,0.000,0.00,0.000,0.000,0.00,0.000,0.000,0.00,0.000,0.000,0.00,0.000,0.000,0.00
1.4088,0.000,0.000,0.00,0.77,0.00,0.000,0.000,0.00,0.000,0.000,0.00,0.000,0.000,0.00,0.000,0.000,0.00,0.000,0.000,0.00,0.000,0.000,0.00,0.000,0.000,0.00,0.000,0.000,0.00,0.000,0.000,0.00,0.000,0.000,0.00,0.000,0.000,0.00,0.000,0.000,0.00,0.000,0.000,0.00,0.000,0.000,0.00,0.000,0.000,0.00,0.000,0.000,0.00,0.000,0.000,0.00,0.000,0.000,0.00,0.000,0.000,0.00,0.000,0.000,0.00,0.000,0.000,0.00,0.000,0.000,0.00,0.000,0.000,0.00,0.000,0.000,0.00,0.000,0.000,0.00,0.000,0.000,0.00,0.000,0.000,0.00,0.000,0.000,0.00,0.000,0.000,0.00,0.000,0.000,0.00
1.5101,0.000,0.000,0.00,0.77,0.00,0.000,0.000,0.00,0.000,0.000,0.00,0.000,0.000,0.00,0.000,0.000,0.00,0.000,0.000,0.00,0.000,0.000,0.00,0.000,0.000,0.00,0.000,0.000,0.00,0.000,0.000,0.00,0.000,0.000,0.00,0.000,0.000,0.00,0.000,0.000,0.00,0.000,0.000,0.00,0.000,0.000,0.00,0.000,0.000,0.00,0.000,0.000,0.00,0.000,0.000,0.00,0.000,0.000,0.00,0.000,0.000,0.00,0.000,0.000,0.00,0.000,0.000,0.00,0.000,0.000,0.00,0.000,0.000,0.00,0.000,0.000,0.00,0.000,0.000,0.00,0.000,0.000,0.00,0.000,0.000,0.00,0.000,0.000,0.00,0.000,0.000,0.00,0.000,0.000,0.00
1.6120,0.000,0.000,0.00,0.84,0.00,0.000,0.000,0.00,0.000,0.000,0.00,0.000,0.000,0.00,0.000,0.000,0.00,0.000,0.000,0.00,0.000,0.000,0.00,0.000,0.000,0.00,0.000,0.000,0.00,0.000,0.000,0.00,0.000,0.000,0.00,0.000,0.000,0.00,0.000,0.000,0.00,0.000,0.000,0.00,0.000,0.000,0.00,0.000,0.000,0.00,0.000,0.000,0.00,0.000,0.000,0.00,0.000,0.000,0.00,0.000,0.000,0.00,0.000,0.000,0.00,0.000,0.000,0.00,0.000,0.000,0.00,0.000,0.000,0.00,0.000,0.000,0.00,0.000,0.000,0.00,0.000,0.000,0.00,0.000,0.000,0.00,0.000,0.000,0.00,0.000,0.000,0.00,0.000,0.000,0.00
1.7139,0.000,0.000,0.00,0.77,0.00,0.000,0.000,0.00,0.000,0.000,0.00,0.000,0.000,0.00,0.000,0.000,0.00,0.000,0.000,0.00,0.000,0.000,0.00,0.000,0.000,0.00,0.000,0.000,0.00,0.000,0.000,0.00,0.000,0.000,0.00,0.000,0.000,0.00,0.000,0.000,0.00,0.000,0.000,0.00,0.000,0.000,0.00,0.000,0.000,0.00,0.000,0.000,0.00,0.000,0.000,0.00,0.000,0.000,0.00,0.000,0.000,0.00,0.000,0.000,0.00,0.000,0.000,0.00,0.000,0.000,0.00,0.000,0.000,0.00,0.000,0.000,0.00,0.000,0.000,0.00,0.000,0.000,0.00,0.000,0.000,0.00,0.000,0.000,0.00,0.000,0.000,0.00,0.000,0.000,0.00
1.8158,0.000,0.000,0.00,1.07,0.00,0.000,0.000,0.00,0.000,0.000,0.00,0.000,0.000,0.00,0.000,0.000,0.00,0.000,0.000,0.00,0.000,0.000,0.00,0.000,0.000,0.00,0.000,0.000,0.00,0.000,0.000,0.00,0.000,0.000,0.00,0.000,0.000,0.00,0.000,0.000,0.00,0.000,0.000,0.00,0.000,0.000,0.00,0.000,0.000,0.00,0.000,0.000,0.00,0.000,0.000,0.00,0.000,0.000,0.00,0.000,0.000,0.00,0.000,0.000,0.00,0.000,0.000,0.00,0.000,0.000,0.00,0.000,0.000,0.00,0.000,0.000,0.00,0.000,0.000,0.00,0.000,0.000,0.00,0.000,0.000,0.00,0.000,0.000,0.00,0.000,0.000,0.00,0.000,0.000,0.00
1.9176,0.000,0.000,0.00,0.92,0.00,0.000,0.000,0.00,0.000,0.000,0.00,0.000,0.000,0.00,0.000,0.000,0.00,0.000,0.000,0.00,0.000,0.000,0.00,0.000,0.000,0.00,0.000,0.000,0.00,0.000,0.000,0.00,0.000,0.000,0.00,0.000,0.000,0.00,0.000,0.000,0.00,0.000,0.000,0.00,0.000,0.000,0.00,0.000,0.000,0.00,0.000,0.000,0.00,0.000,0.000,0.00,0.000,0.000,0.00,0.000,0.000,0.00,0.000,0.000,0.00,0.000,0.000,0.00,0.000,0.000,0.00,0.000,0.000,0.00,0.000,0.000,0.00,0.000,0.000,0.00,0.000,0.000,0.00,0.000,0.000,0.00,0.000,0.000,0.00,0.000,0.000,0.00,0.000,0.000,0.00
2.0195,0.000,0.000,0.00,0.84,0.00,0.000,0.000,0.00,0.000,0.000,0.00,0.000,0.000,0.00,0.000,0.000,0.00,0.000,0.000,0.00,0.000,0.000,0.00,0.000,0.000,0.00,0.000,0.000,0.00,0.000,0.000,0.00,0.000,0.000,0.00,0.000,0.000,0.00,0.000,0.000,0.00,0.000,0.000,0.00,0.000,0.000,0.00,0.000,0.000,0.00,0.000,0.000,0.00,0.000,0.000,0.00,0.000,0.000,0.00,0.000,0.000,0.00,0.000,0.000,0.00,0.000,0.000,0.00,0.000,0.000,0.00,0.000,0.000,0.00,0.000,0.000,0.00,0.000,0.000,0.00,0.000,0.000,0.00,0.000,0.000,0.00,0.000,0.000,0.00,0.000,0.000,0.00,0.000,0.000,0.00
2.1213,0.000,0.000,0.00,0.84,0.00,0.000,0.000,0.00,0.000,0.000,0.00,0.000,0.000,0.00,0.000,0.000,0.00,0.000,0.000,0.00,0.000,0.000,0.00,0.000,0.000,0.00,0.000,0.000,0.00,0.000,0.000,0.00,0.000,0.000,0.00,0.000,0.000,0.00,0.000,0.000,0.00,0.000,0.000,0.00,0.000,0.000,0.00,0.000,0.000,0.00,0.000,0.000,0.00,0.000,0.000,0.00,0.000,0.000,0.00,0.000,0.000,0.00,0.000,0.000,0.00,0.000,0.000,0.00,0.000,0.000,0.00,0.000,0.000,0.00,0.000,0.000,0.00,0.000,0.000,0.00,0.000,0.000,0.00,0.000,0.000,0.00,0.000,0.000,0.00,0.000,0.000,0.00,0.000,0.000,0.00
2.2232,0.000,0.000,0.00,0.77,0.00,0.000,0.000,0.00,0.000,0.000,0.00,0.000,0.000,0.00,0.000,0.000,0.00,0.000,0.000,0.00,0.000,0.000,0.00,0.000,0.000,0.00,0.000,0.000,0.00,0.000,0.000,0.00,0.000,0.000,0.00,0.000,0.000,0.00,0.000,0.000,0.00,0.000,0.000,0.00,0.000,0.000,0.00,0.000,0.000,0.00,0.000,0.000,0.00,0.000,0.000,0.00,0.000,0.000,0.00,0.000,0.000,0.00,0.000,0.000,0.00,0.000,0.000,0.00,0.000,0.000,0.00,0.000,0.000,0.00,0.000,0.000,0.00,0.000,0.000,0.00,0.000,0.000,0.00,0.000,0.000,0.00,0.000,0.000,0.00,0.000,0.000,0.00,0.000,0.000,0.00
2.3250,0.000,0.000,0.00,0.77,0.00,0.000,0.000,0.00,0.000,0.000,0.00,0.000,0.000,0.00,0.000,0.000,0.00,0.000,0.000,0.00,0.000,0.000,0.00,0.000,0.000,0.00,0.000,0.000,0.00,0.000,0.000,0.00,0.000,0.000,0.00,0.000,0.000,0.00,0.000,0.000,0.00,0.000,0.000,0.00,0.000,0.000,0.00,0.000,0.000,0.00,0.000,0.000,0.00,0.000,0.000,0.00,0.000,0.000,0.00,0.000,0.000,0.00,0.000,0.000,0.00,0.000,0.000,0.00,0.000,0.000,0.00,0.000,0.000,0.00,0.000,0.000,0.00,0.000,0.000,0.00,0.000,0.000,0.00,0.000,0.000,0.00,0.000,0.000,0.00,0.000,0.000,0.00,0.000,0.000,0.00
2.4269,0.000,218.411,0.59,0.84,0.15,0.000,0.000,0.00,0.000,0.000,0.00,0.000,0.000,0.00,0.000,0.000,0.00,0.000,0.000,0.00,0.000,0.000,0.00,0.000,0.000,0.00,0.000,0.000,0.00,0.000,0.000,0.00,0.000,0.000,0.00,0.000,0.000,0.00,0.000,0.000,0.00,0.000,0.000,0.00,0.000,0.000,0.00,0.000,0.000,0.00,0.000,0.000,0.00,0.000,0.000,0.00,0.000,0.000,0.00,0.000,0.000,0.00,0.000,0.000,0.00,0.000,0.000,0.00,0.000,0.000,0.00,0.000,218.411,17.68,0.000,0.000,0.00,0.000,0.000,0.00,0.000,0.000,0.00,0.000,0.000,0.00,0.000,0.000,0.00,0.000,0.000,0.00,0.000,0.000,0.00
2.5288,0.000,0.000,0.00,0.84,0.00,0.000,0.000,0.00,0.000,0.000,0.00,0.000,0.000,0.00,0.000,0.000,0.00,0.000,0.000,0.00,0.000,0.000,0.00,0.000,0.000,0.00,0.000,0.000,0.00,0.000,0.000,0.00,0.000,0.000,0.00,0.000,0.000,0.00,0.000,0.000,0.00,0.000,0.000,0.00,0.000,0.000,0.00,0.000,0.000,0.00,0.000,0.000,0.00,0.000,0.000,0.00,0.000,0.000,0.00,0.000,0.000,0.00,0.000,0.000,0.00,0.000,0.000,0.00,0.000,0.000,0.00,0.000,0.000,0.00,0.000,0.000,0.00,0.000,0.000,0.00,0.000,0.000,0.00,0.000,0.000,0.00,0.000,0.000,0.00,0.000,0.000,0.00,0.000,0.000,0.00
2.6306,0.000,0.000,0.00,1.31,0.00,0.000,0.000,0.00,0.000,0.000,0.00,0.000,0.000,0.00,0.000,0.000,0.00,0.000,0.000,0.00,0.000,0.000,0.00,0.000,0.000,0.00,0.000,0.000,0.00,0.000,0.000,0.00,0.000,0.000,0.00,0.000,0.000,0.00,0.000,0.000,0.00,0.000,0.000,0.00,0.000,0.000,0.00,0.000,0.000,0.00,0.000,0.000,0.00,0.000,0.000,0.00,0.000,0.000,0.00,0.000,0.000,0.00,0.000,0.000,0.00,0.000,0.000,0.00,0.000,0.000,0.00,0.000,0.000,0.00,0.000,0.000,0.00,0.000,0.000,0.00,0.000,0.000,0.00,0.000,0.000,0.00,0.000,0.000,0.00,0.000,0.000,0.00,0.000,0.000,0.00
2.7323,0.000,0.000,0.00,1.69,0.00,0.000,0.000,0.00,0.000,0.000,0.00,0.000,0.000,0.00,0.000,0.000,0.00,0.000,0.000,0.00,0.000,0.000,0.00,0.000,0.000,0.00,0.000,0.000,0.00,0.000,0.000,0.00,0.000,0.000,0.00,0.000,0.000,0.00,0.000,0.000,0.00,0.000,0.000,0.00,0.000,0.000,0.00,0.000,0.000,0.00,0.000,0.000,0.00,0.000,0.000,0.00,0.000,0.000,0.00,0.000,0.000,0.00,0.000,0.000,0.00,0.000,0.000,0.00,0.000,0.000,0.00,0.000,0.000,0.00,0.000,0.000,0.00,0.000,0.000,0.00,0.000,0.000,0.00,0.000,0.000,0.00,0.000,0.000,0.00,0.000,0.000,0.00,0.000,0.000,0.00
2.8342,0.000,0.000,0.00,1.54,0.00,0.000,0.000,0.00,0.000,0.000,0.00,0.000,0.000,0.00,0.000,0.000,0.00,0.000,0.000,0.00,0.000,0.000,0.00,0.000,0.000,0.00,0.000,0.000,0.00,0.000,0.000,0.00,0.000,0.000,0.00,0.000,0.000,0.00,0.000,0.000,0.00,0.000,0.000,0.00,0.000,0.000,0.00,0.000,0.000,0.00,0.000,0.000,0.00,0.000,0.000,0.00,0.000,0.000,0.00,0.000,0.000,0.00,0.000,0.000,0.00,0.000,0.000,0.00,0.000,0.000,0.00,0.000,0.000,0.00,0.000,0.000,0.00,0.000,0.000,0.00,0.000,0.000,0.00,0.000,0.000,0.00,0.000,0.000,0.00,0.000,0.000,0.00,0.000,0.000,0.00
2.9360,0.000,0.000,0.00,0.92,0.00,0.000,0.000,0.00,0.000,0.000,0.00,0.000,0.000,0.00,0.000,0.000,0.00,0.000,0.000,0.00,0.000,0.000,0.00,0.000,0.000,0.00,0.000,0.000,0.00,0.000,0.000,0.00,0.000,0.000,0.00,0.000,0.000,0.00,0.000,0.000,0.00,0.000,0.000,0.00,0.000,0.000,0.00,0.000,0.000,0.00,0.000,0.000,0.00,0.000,0.000,0.00,0.000,0.000,0.00,0.000,0.000,0.00,0.000,0.000,0.00,0.000,0.000,0.00,0.000,0.000,0.00,0.000,0.000,0.00,0.000,0.000,0.00,0.000,0.000,0.00,0.000,0.000,0.00,0.000,0.000,0.00,0.000,0.000,0.00,0.000,0.000,0.00,0.000,0.000,0.00
3.0379,0.000,0.000,0.00,0.77,0.00,0.000,0.000,0.00,0.000,0.000,0.00,0.000,0.000,0.00,0.000,0.000,0.00,0.000,0.000,0.00,0.000,0.000,0.00,0.000,0.000,0.00,0.000,0.000,0.00,0.000,0.000,0.00,0.000,0.000,0.00,0.000,0.000,0.00,0.000,0.000,0.00,0.000,0.000,0.00,0.000,0.000,0.00,0.000,0.000,0.00,0.000,0.000,0.00,0.000,0.000,0.00,0.000,0.000,0.00,0.000,0.000,0.00,0.000,0.000,0.00,0.000,0.000,0.00,0.000,0.000,0.00,0.000,0.000,0.00,0.000,0.000,0.00,0.000,0.000,0.00,0.000,0.000,0.00,0.000,0.000,0.00,0.000,0.000,0.00,0.000,0.000,0.00,0.000,0.000,0.00
3.1397,0.000,0.000,0.00,0.77,0.00,0.000,0.000,0.00,0.000,0.000,0.00,0.000,0.000,0.00,0.000,0.000,0.00,0.000,0.000,0.00,0.000,0.000,0.00,0.000,0.000,0.00,0.000,0.000,0.00,0.000,0.000,0.00,0.000,0.000,0.00,0.000,0.000,0.00,0.000,0.000,0.00,0.000,0.000,0.00,0.000,0.000,0.00,0.000,0.000,0.00,0.000,0.000,0.00,0.000,0.000,0.00,0.000,0.000,0.00,0.000,0.000,0.00,0.000,0.000,0.00,0.000,0.000,0.00,0.000,0.000,0.00,0.000,0.000,0.00,0.000,0.000,0.00,0.000,0.000,0.00,0.000,0.000,0.00,0.000,0.000,0.00,0.000,0.000,0.00,0.000,0.000,0.00,0.000,0.000,0.00
3.2416,0.000,0.000,0.00,0.77,0.00,0.000,0.000,0.00,0.000,0.000,0.00,0.000,0.000,0.00,0.000,0.000,0.00,0.000,0.000,0.00,0.000,0.000,0.00,0.000,0.000,0.00,0.000,0.000,0.00,0.000,0.000,0.00,0.000,0.000,0.00,0.000,0.000,0.00,0.000,0.000,0.00,0.000,0.000,0.00,0.000,0.000,0.00,0.000,0.000,0.00,0.000,0.000,0.00,0.000,0.000,0.00,0.000,0.000,0.00,0.000,0.000,0.00,0.000,0.000,0.00,0.000,0.000,0.00,0.000,0.000,0.00,0.000,0.000,0.00,0.000,0.000,0.00,0.000,0.000,0.00,0.000,0.000,0.00,0.000,0.000,0.00,0.000,0.000,0.00,0.000,0.000,0.00,0.000,0.000,0.00
3.3434,0.000,0.000,0.00,1.07,0.00,0.000,0.000,0.00,0.000,0.000,0.00,0.000,0.000,0.00,0.000,0.000,0.00,0.000,0.000,0.00,0.000,0.000,0.00,0.000,0.000,0.00,0.000,0.000,0.00,0.000,0.000,0.00,0.000,0.000,0.00,0.000,0.000,0.00,0.000,0.000,0.00,0.000,0.000,0.00,0.000,0.000,0.00,0.000,0.000,0.00,0.000,0.000,0.00,0.000,0.000,0.00,0.000,0.000,0.00,0.000,0.000,0.00,0.000,0.000,0.00,0.000,0.000,0.00,0.000,0.000,0.00,0.000,0.000,0.00,0.000,0.000,0.00,0.000,0.000,0.00,0.000,0.000,0.00,0.000,0.000,0.00,0.000,0.000,0.00,0.000,0.000,0.00,0.000,0.000,0.00
3.4452,0.000,0.760,0.13,0.84,0.00,0.000,0.000,0.00,0.000,0.000,0.00,0.000,0.000,0.00,0.000,0.000,0.00,0.000,0.000,0.00,0.000,0.000,0.00,0.000,0.000,0.00,0.000,0.000,0.00,0.000,0.000,0.00,0.000,0.000,0.00,0.000,0.000,0.00,0.000,0.000,0.00,0.000,0.000,0.00,0.000,0.000,0.00,0.000,0.000,0.00,0.000,0.000,0.00,0.000,0.000,0.00,0.000,0.000,0.00,0.000,0.000,0.00,0.000,0.000,0.00,0.000,0.000,0.00,0.000,0.000,0.00,0.000,0.000,0.00,0.000,0.000,0.00,0.000,0.000,0.00,0.000,0.000,0.00,0.000,0.760,3.93,0.000,0.000,0.00,0.000,0.000,0.00,0.000,0.000,0.00
3.5471,0.000,0.000,0.00,0.84,0.00,0.000,0.000,0.00,0.000,0.000,0.00,0.000,0.000,0.00,0.000,0.000,0.00,0.000,0.000,0.00,0.000,0.000,0.00,0.000,0.000,0.00,0.000,0.000,0.00,0.000,0.000,0.00,0.000,0.000,0.00,0.000,0.000,0.00,0.000,0.000,0.00,0.000,0.000,0.00,0.000,0.000,0.00,0.000,0.000,0.00,0.000,0.000,0.00,0.000,0.000,0.00,0.000,0.000,0.00,0.000,0.000,0.00,0.000,0.000,0.00,0.000,0.000,0.00,0.000,0.000,0.00,0.000,0.000,0.00,0.000,0.000,0.00,0.000,0.000,0.00,0.000,0.000,0.00,0.000,0.000,0.00,0.000,0.000,0.00,0.000,0.000,0.00,0.000,0.000,0.00
3.6488,0.000,0.000,0.00,0.77,0.00,0.000,0.000,0.00,0.000,0.000,0.00,0.000,0.000,0.00,0.000,0.000,0.00,0.000,0.000,0.00,0.000,0.000,0.00,0.000,0.000,0.00,0.000,0.000,0.00,0.000,0.000,0.00,0.000,0.000,0.00,0.000,0.000,0.00,0.000,0.000,0.00,0.000,0.000,0.00,0.000,0.000,0.00,0.000,0.000,0.00,0.000,0.000,0.00,0.000,0.000,0.00,0.000,0.000,0.00,0.000,0.000,0.00,0.000,0.000,0.00,0.000,0.000,0.00,0.000,0.000,0.00,0.000,0.000,0.00,0.000,0.000,0.00,0.000,0.000,0.00,0.000,0.000,0.00,0.000,0.000,0.00,0.000,0.000,0.00,0.000,0.000,0.00,0.000,0.000,0.00
3.7507,0.000,0.000,0.00,0.92,0.00,0.000,0.000,0.00,0.000,0.000,0.00,0.000,0.000,0.00,0.000,0.000,0.00,0.000,0.000,0.00,0.000,0.000,0.00,0.000,0.000,0.00,0.000,0.000,0.00,0.000,0.000,0.00,0.000,0.000,0.00,0.000,0.000,0.00,0.000,0.000,0.00,0.000,0.000,0.00,0.000,0.000,0.00,0.000,0.000,0.00,0.000,0.000,0.00,0.000,0.000,0.00,0.000,0.000,0.00,0.000,0.000,0.00,0.000,0.000,0.00,0.000,0.000,0.00,0.000,0.000,0.00,0.000,0.000,0.00,0.000,0.000,0.00,0.000,0.000,0.00,0.000,0.000,0.00,0.000,0.000,0.00,0.000,0.000,0.00,0.000,0.000,0.00,0.000,0.000,0.00
3.8521,0.000,0.000,0.00,0.84,0.00,0.000,0.000,0.00,0.000,0.000,0.00,0.000,0.000,0.00,0.000,0.000,0.00,0.000,0.000,0.00,0.000,0.000,0.00,0.000,0.000,0.00,0.000,0.000,0.00,0.000,0.000,0.00,0.000,0.000,0.00,0.000,0.000,0.00,0.000,0.000,0.00,0.000,0.000,0.00,0.000,0.000,0.00,0.000,0.000,0.00,0.000,0.000,0.00,0.000,0.000,0.00,0.000,0.000,0.00,0.000,0.000,0.00,0.000,0.000,0.00,0.000,0.000,0.00,0.000,0.000,0.00,0.000,0.000,0.00,0.000,0.000,0.00,0.000,0.000,0.00,0.000,0.000,0.00,0.000,0.000,0.00,0.000,0.000,0.00,0.000,0.000,0.00,0.000,0.000,0.00
3.9541,0.000,0.000,0.00,0.77,0.00,0.000,0.000,0.00,0.000,0.000,0.00,0.000,0.000,0.00,0.000,0.000,0.00,0.000,0.000,0.00,0.000,0.000,0.00,0.000,0.000,0.00,0.000,0.000,0.00,0.000,0.000,0.00,0.000,0.000,0.00,0.000,0.000,0.00,0.000,0.000,0.00,0.000,0.000,0.00,0.000,0.000,0.00,0.000,0.000,0.00,0.000,0.000,0.00,0.000,0.000,0.00,0.000,0.000,0.00,0.000,0.000,0.00,0.000,0.000,0.00,0.000,0.000,0.00,0.000,0.000,0.00,0.000,0.000,0.00,0.000,0.000,0.00,0.000,0.000,0.00,0.000,0.000,0.00,0.000,0.000,0.00,0.000,0.000,0.00,0.000,0.000,0.00,0.000,0.000,0.00
4.0559,0.000,0.000,0.00,0.77,0.00,0.000,0.000,0.00,0.000,0.000,0.00,0.000,0.000,0.00,0.000,0.000,0.00,0.000,0.000,0.00,0.000,0.000,0.00,0.000,0.000,0.00,0.000,0.000,0.00,0.000,0.000,0.00,0.000,0.000,0.00,0.000,0.000,0.00,0.000,0.000,0.00,0.000,0.000,0.00,0.000,0.000,0.00,0.000,0.000,0.00,0.000,0.000,0.00,0.000,0.000,0.00,0.000,0.000,0.00,0.000,0.000,0.00,0.000,0.000,0.00,0.000,0.000,0.00,0.000,0.000,0.00,0.000,0.000,0.00,0.000,0.000,0.00,0.000,0.000,0.00,0.000,0.000,0.00,0.000,0.000,0.00,0.000,0.000,0.00,0.000,0.000,0.00,0.000,0.000,0.00
4.1578,0.000,0.000,0.00,0.77,0.00,0.000,0.000,0.00,0.000,0.000,0.00,0.000,0.000,0.00,0.000,0.000,0.00,0.000,0.000,0.00,0.000,0.000,0.00,0.000,0.000,0.00,0.000,0.000,0.00,0.000,0.000,0.00,0.000,0.000,0.00,0.000,0.000,0.00,0.000,0.000,0.00,0.000,0.000,0.00,0.000,0.000,0.00,0.000,0.000,0.00,0.000,0.000,0.00,0.000,0.000,0.00,0.000,0.000,0.00,0.000,0.000,0.00,0.000,0.000,0.00,0.000,0.000,0.00,0.000,0.000,0.00,0.000,0.000,0.00,0.000,0.000,0.00,0.000,0.000,0.00,0.000,0.000,0.00,0.000,0.000,0.00,0.000,0.000,0.00,0.000,0.000,0.00,0.000,0.000,0.00
4.2597,0.000,0.000,0.00,0.84,0.00,0.000,0.000,0.00,0.000,0.000,0.00,0.000,0.000,0.00,0.000,0.000,0.00,0.000,0.000,0.00,0.000,0.000,0.00,0.000,0.000,0.00,0.000,0.000,0.00,0.000,0.000,0.00,0.000,0.000,0.00,0.000,0.000,0.00,0.000,0.000,0.00,0.000,0.000,0.00,0.000,0.000,0.00,0.000,0.000,0.00,0.000,0.000,0.00,0.000,0.000,0.00,0.000,0.000,0.00,0.000,0.000,0.00,0.000,0.000,0.00,0.000,0.000,0.00,0.000,0.000,0.00,0.000,0.000,0.00,0.000,0.000,0.00,0.000,0.000,0.00,0.000,0.000,0.00,0.000,0.000,0.00,0.000,0.000,0.00,0.000,0.000,0.00,0.000,0.000,0.00
4.3615,0.000,0.000,0.00,0.84,0.00,0.000,0.000,0.00,0.000,0.000,0.00,0.000,0.000,0.00,0.000,0.000,0.00,0.000,0.000,0.00,0.000,0.000,0.00,0.000,0.000,0.00,0.000,0.000,0.00,0.000,0.000,0.00,0.000,0.000,0.00,0.000,0.000,0.00,0.000,0.000,0.00,0.000,0.000,0.00,0.000,0.000,0.00,0.000,0.000,0.00,0.000,0.000,0.00,0.000,0.000,0.00,0.000,0.000,0.00,0.000,0.000,0.00,0.000,0.000,0.00,0.000,0.000,0.00,0.000,0.000,0.00,0.000,0.000,0.00,0.000,0.000,0.00,0.000,0.000,0.00,0.000,0.000,0.00,0.000,0.000,0.00,0.000,0.000,0.00,0.000,0.000,0.00,0.000,0.000,0.00
4.4633,0.000,0.563,0.00,0.77,0.00,0.000,0.000,0.00,0.000,0.000,0.00,0.000,0.000,0.00,0.000,0.000,0.00,0.000,0.000,0.00,0.000,0.000,0.00,0.000,0.000,0.00,0.000,0.000,0.00,0.000,0.000,0.00,0.000,0.000,0.00,0.000,0.000,0.00,0.000,0.000,0.00,0.000,0.000,0.00,0.000,0.000,0.00,0.000,0.000,0.00,0.000,0.000,0.00,0.000,0.000,0.00,0.000,0.000,0.00,0.000,0.000,0.00,0.000,0.000,0.00,0.000,0.000,0.00,0.000,0.000,0.00,0.000,0.563,0.00,0.000,0.000,0.00,0.000,0.000,0.00,0.000,0.000,0.00,0.000,0.000,0.00,0.000,0.000,0.00,0.000,0.000,0.00,0.000,0.000,0.00
4.5652,0.000,0.000,0.00,0.77,0.00,0.000,0.000,0.00,0.000,0.000,0.00,0.000,0.000,0.00,0.000,0.000,0.00,0.000,0.000,0.00,0.000,0.000,0.00,0.000,0.000,0.00,0.000,0.000,0.00,0.000,0.000,0.00,0.000,0.000,0.00,0.000,0.000,0.00,0.000,0.000,0.00,0.000,0.000,0.00,0.000,0.000,0.00,0.000,0.000,0.00,0.000,0.000,0.00,0.000,0.000,0.00,0.000,0.000,0.00,0.000,0.000,0.00,0.000,0.000,0.00,0.000,0.000,0.00,0.000,0.000,0.00,0.000,0.000,0.00,0.000,0.000,0.00,0.000,0.000,0.00,0.000,0.000,0.00,0.000,0.000,0.00,0.000,0.000,0.00,0.000,0.000,0.00,0.000,0.000,0.00
4.6670,0.000,0.000,0.00,0.77,0.00,0.000,0.000,0.00,0.000,0.000,0.00,0.000,0.000,0.00,0.000,0.000,0.00,0.000,0.000,0.00,0.000,0.000,0.00,0.000,0.000,0.00,0.000,0.000,0.00,0.000,0.000,0.00,0.000,0.000,0.00,0.000,0.000,0.00,0.000,0.000,0.00,0.000,0.000,0.00,0.000,0.000,0.00,0.000,0.000,0.00,0.000,0.000,0.00,0.000,0.000,0.00,0.000,0.000,0.00,0.000,0.000,0.00,0.000,0.000,0.00,0.000,0.000,0.00,0.000,0.000,0.00,0.000,0.000,0.00,0.000,0.000,0.00,0.000,0.000,0.00,0.000,0.000,0.00,0.000,0.000,0.00,0.000,0.000,0.00,0.000,0.000,0.00,0.000,0.000,0.00
4.7687,0.000,0.000,0.00,0.92,0.00,0.000,0.000,0.00,0.000,0.000,0.00,0.000,0.000,0.00,0.000,0.000,0.00,0.000,0.000,0.00,0.000,0.000,0.00,0.000,0.000,0.00,0.000,0.000,0.00,0.000,0.000,0.00,0.000,0.000,0.00,0.000,0.000,0.00,0.000,0.000,0.00,0.000,0.000,0.00,0.000,0.000,0.00,0.000,0.000,0.00,0.000,0.000,0.00,0.000,0.000,0.00,0.000,0.000,0.00,0.000,0.000,0.00,0.000,0.000,0.00,0.000,0.000,0.00,0.000,0.000,0.00,0.000,0.000,0.00,0.000,0.000,0.00,0.000,0.000,0.00,0.000,0.000,0.00,0.000,0.000,0.00,0.000,0.000,0.00,0.000,0.000,0.00,0.000,0.000,0.00
4.8707,0.000,0.000,0.00,1.07,0.00,0.000,0.000,0.00,0.000,0.000,0.00,0.000,0.000,0.00,0.000,0.000,0.00,0.000,0.000,0.00,0.000,0.000,0.00,0.000,0.000,0.00,0.000,0.000,0.00,0.000,0.000,0.00,0.000,0.000,0.00,0.000,0.000,0.00,0.000,0.000,0.00,0.000,0.000,0.00,0.000,0.000,0.00,0.000,0.000,0.00,0.000,0.000,0.00,0.000,0.000,0.00,0.000,0.000,0.00,0.000,0.000,0.00,0.000,0.000,0.00,0.000,0.000,0.00,0.000,0.000,0.00,0.000,0.000,0.00,0.000,0.000,0.00,0.000,0.000,0.00,0.000,0.000,0.00,0.000,0.000,0.00,0.000,0.000,0.00,0.000,0.000,0.00,0.000,0.000,0.00
4.9726,0.000,0.000,0.00,0.77,0.00,0.000,0.000,0.00,0.000,0.000,0.00,0.000,0.000,0.00,0.000,0.000,0.00,0.000,0.000,0.00,0.000,0.000,0.00,0.000,0.000,0.00,0.000,0.000,0.00,0.000,0.000,0.00,0.000,0.000,0.00,0.000,0.000,0.00,0.000,0.000,0.00,0.000,0.000,0.00,0.000,0.000,0.00,0.000,0.000,0.00,0.000,0.000,0.00,0.000,0.000,0.00,0.000,0.000,0.00,0.000,0.000,0.00,0.000,0.000,0.00,0.000,0.000,0.00,0.000,0.000,0.00,0.000,0.000,0.00,0.000,0.000,0.00,0.000,0.000,0.00,0.000,0.000,0.00,0.000,0.000,0.00,0.000,0.000,0.00,0.000,0.000,0.00,0.000,0.000,0.00
5.0744,0.000,0.000,0.00,0.77,0.00,0.000,0.000,0.00,0.000,0.000,0.00,0.000,0.000,0.00,0.000,0.000,0.00,0.000,0.000,0.00,0.000,0.000,0.00,0.000,0.000,0.00,0.000,0.000,0.00,0.000,0.000,0.00,0.000,0.000,0.00,0.000,0.000,0.00,0.000,0.000,0.00,0.000,0.000,0.00,0.000,0.000,0.00,0.000,0.000,0.00,0.000,0.000,0.00,0.000,0.000,0.00,0.000,0.000,0.00,0.000,0.000,0.00,0.000,0.000,0.00,0.000,0.000,0.00,0.000,0.000,0.00,0.000,0.000,0.00,0.000,0.000,0.00,0.000,0.000,0.00,0.000,0.000,0.00,0.000,0.000,0.00,0.000,0.000,0.00,0.000,0.000,0.00,0.000,0.000,0.00
5.1763,0.000,0.000,0.00,0.92,0.00,0.000,0.000,0.00,0.000,0.000,0.00,0.000,0.000,0.00,0.000,0.000,0.00,0.000,0.000,0.00,0.000,0.000,0.00,0.000,0.000,0.00,0.000,0.000,0.00,0.000,0.000,0.00,0.000,0.000,0.00,0.000,0.000,0.00,0.000,0.000,0.00,0.000,0.000,0.00,0.000,0.000,0.00,0.000,0.000,0.00,0.000,0.000,0.00,0.000,0.000,0.00,0.000,0.000,0.00,0.000,0.000,0.00,0.000,0.000,0.00,0.000,0.000,0.00,0.000,0.000,0.00,0.000,0.000,0.00,0.000,0.000,0.00,0.000,0.000,0.00,0.000,0.000,0.00,0.000,0.000,0.00,0.000,0.000,0.00,0.000,0.000,0.00,0.000,0.000,0.00
5.2781,0.000,0.000,0.00,0.85,0.00,0.000,0.000,0.00,0.000,0.000,0.00,0.000,0.000,0.00,0.000,0.000,0.00,0.000,0.000,0.00,0.000,0.000,0.00,0.000,0.000,0.00,0.000,0.000,0.00,0.000,0.000,0.00,0.000,0.000,0.00,0.000,0.000,0.00,0.000,0.000,0.00,0.000,0.000,0.00,0.000,0.000,0.00,0.000,0.000,0.00,0.000,0.000,0.00,0.000,0.000,0.00,0.000,0.000,0.00,0.000,0.000,0.00,0.000,0.000,0.00,0.000,0.000,0.00,0.000,0.000,0.00,0.000,0.000,0.00,0.000,0.000,0.00,0.000,0.000,0.00,0.000,0.000,0.00,0.000,0.000,0.00,0.000,0.000,0.00,0.000,0.000,0.00,0.000,0.000,0.00
5.3799,0.000,0.000,0.00,0.77,0.00,0.000,0.000,0.00,0.000,0.000,0.00,0.000,0.000,0.00,0.000,0.000,0.00,0.000,0.000,0.00,0.000,0.000,0.00,0.000,0.000,0.00,0.000,0.000,0.00,0.000,0.000,0.00,0.000,0.000,0.00,0.000,0.000,0.00,0.000,0.000,0.00,0.000,0.000,0.00,0.000,0.000,0.00,0.000,0.000,0.00,0.000,0.000,0.00,0.000,0.000,0.00,0.000,0.000,0.00,0.000,0.000,0.00,0.000,0.000,0.00,0.000,0.000,0.00,0.000,0.000,0.00,0.000,0.000,0.00,0.000,0.000,0.00,0.000,0.000,0.00,0.000,0.000,0.00,0.000,0.000,0.00,0.000,0.000,0.00,0.000,0.000,0.00,0.000,0.000,0.00
5.4818,0.000,0.000,0.00,0.77,0.00,0.000,0.000,0.00,0.000,0.000,0.00,0.000,0.000,0.00,0.000,0.000,0.00,0.000,0.000,0.00,0.000,0.000,0.00,0.000,0.000,0.00,0.000,0.000,0.00,0.000,0.000,0.00,0.000,0.000,0.00,0.000,0.000,0.00,0.000,0.000,0.00,0.000,0.000,0.00,0.000,0.000,0.00,0.000,0.000,0.00,0.000,0.000,0.00,0.000,0.000,0.00,0.000,0.000,0.00,0.000,0.000,0.00,0.000,0.000,0.00,0.000,0.000,0.00,0.000,0.000,0.00,0.000,0.000,0.00,0.000,0.000,0.00,0.000,0.000,0.00,0.000,0.000,0.00,0.000,0.000,0.00,0.000,0.000,0.00,0.000,0.000,0.00,0.000,0.000,0.00
5.5836,0.000,0.000,0.00,0.77,0.00,0.000,0.000,0.00,0.000,0.000,0.00,0.000,0.000,0.00,0.000,0.000,0.00,0.000,0.000,0.00,0.000,0.000,0.00,0.000,0.000,0.00,0.000,0.000,0.00,0.000,0.000,0.00,0.000,0.000,0.00,0.000,0.000,0.00,0.000,0.000,0.00,0.000,0.000,0.00,0.000,0.000,0.00,0.000,0.000,0.00,0.000,0.000,0.00,0.000,0.000,0.00,0.000,0.000,0.00,0.000,0.000,0.00,0.000,0.000,0.00,0.000,0.000,0.00,0.000,0.000,0.00,0.000,0.000,0.00,0.000,0.000,0.00,0.000,0.000,0.00,0.000,0.000,0.00,0.000,0.000,0.00,0.000,0.000,0.00,0.000,0.000,0.00,0.000,0.000,0.00
5.6854,0.000,0.000,0.00,0.77,0.00,0.000,0.000,0.00,0.000,0.000,0.00,0.000,0.000,0.00,0.000,0.000,0.00,0.000,0.000,0.00,0.000,0.000,0.00,0.000,0.000,0.00,0.000,0.000,0.00,0.000,0.000,0.00,0.000,0.000,0.00,0.000,0.000,0.00,0.000,0.000,0.00,0.000,0.000,0.00,0.000,0.000,0.00,0.000,0.000,0.00,0.000,0.000,0.00,0.000,0.000,0.00,0.000,0.000,0.00,0.000,0.000,0.00,0.000,0.000,0.00,0.000,0.000,0.00,0.000,0.000,0.00,0.000,0.000,0.00,0.000,0.000,0.00,0.000,0.000,0.00,0.000,0.000,0.00,0.000,0.000,0.00,0.000,0.000,0.00,0.000,0.000,0.00,0.000,0.000,0.00
5.7872,0.000,0.000,0.00,0.92,0.00,0.000,0.000,0.00,0.000,0.000,0.00,0.000,0.000,0.00,0.000,0.000,0.00,0.000,0.000,0.00,0.000,0.000,0.00,0.000,0.000,0.00,0.000,0.000,0.00,0.000,0.000,0.00,0.000,0.000,0.00,0.000,0.000,0.00,0.000,0.000,0.00,0.000,0.000,0.00,0.000,0.000,0.00,0.000,0.000,0.00,0.000,0.000,0.00,0.000,0.000,0.00,0.000,0.000,0.00,0.000,0.000,0.00,0.000,0.000,0.00,0.000,0.000,0.00,0.000,0.000,0.00,0.000,0.000,0.00,0.000,0.000,0.00,0.000,0.000,0.00,0.000,0.000,0.00,0.000,0.000,0.00,0.000,0.000,0.00,0.000,0.000,0.00,0.000,0.000,0.00
5.8890,0.000,0.000,0.00,0.77,0.00,0.000,0.000,0.00,0.000,0.000,0.00,0.000,0.000,0.00,0.000,0.000,0.00,0.000,0.000,0.00,0.000,0.000,0.00,0.000,0.000,0.00,0.000,0.000,0.00,0.000,0.000,0.00,0.000,0.000,0.00,0.000,0.000,0.00,0.000,0.000,0.00,0.000,0.000,0.00,0.000,0.000,0.00,0.000,0.000,0.00,0.000,0.000,0.00,0.000,0.000,0.00,0.000,0.000,0.00,0.000,0.000,0.00,0.000,0.000,0.00,0.000,0.000,0.00,0.000,0.000,0.00,0.000,0.000,0.00,0.000,0.000,0.00,0.000,0.000,0.00,0.000,0.000,0.00,0.000,0.000,0.00,0.000,0.000,0.00,0.000,0.000,0.00,0.000,0.000,0.00
5.9909,0.000,0.000,0.00,0.77,0.00,0.000,0.000,0.00,0.000,0.000,0.00,0.000,0.000,0.00,0.000,0.000,0.00,0.000,0.000,0.00,0.000,0.000,0.00,0.000,0.000,0.00,0.000,0.000,0.00,0.000,0.000,0.00,0.000,0.000,0.00,0.000,0.000,0.00,0.000,0.000,0.00,0.000,0.000,0.00,0.000,0.000,0.00,0.000,0.000,0.00,0.000,0.000,0.00,0.000,0.000,0.00,0.000,0.000,0.00,0.000,0.000,0.00,0.000,0.000,0.00,0.000,0.000,0.00,0.000,0.000,0.00,0.000,0.000,0.00,0.000,0.000,0.00,0.000,0.000,0.00,0.000,0.000,0.00,0.000,0.000,0.00,0.000,0.000,0.00,0.000,0.000,0.00,0.000,0.000,0.00
6.0926,0.000,0.000,0.00,0.77,0.00,0.000,0.000,0.00,0.000,0.000,0.00,0.000,0.000,0.00,0.000,0.000,0.00,0.000,0.000,0.00,0.000,0.000,0.00,0.000,0.000,0.00,0.000,0.000,0.00,0.000,0.000,0.00,0.000,0.000,0.00,0.000,0.000,0.00,0.000,0.000,0.00,0.000,0.000,0.00,0.000,0.000,0.00,0.000,0.000,0.00,0.000,0.000,0.00,0.000,0.000,0.00,0.000,0.000,0.00,0.000,0.000,0.00,0.000,0.000,0.00,0.000,0.000,0.00,0.000,0.000,0.00,0.000,0.000,0.00,0.000,0.000,0.00,0.000,0.000,0.00,0.000,0.000,0.00,0.000,0.000,0.00,0.000,0.000,0.00,0.000,0.000,0.00,0.000,0.000,0.00
6.1943,0.000,0.000,0.00,0.84,0.00,0.000,0.000,0.00,0.000,0.000,0.00,0.000,0.000,0.00,0.000,0.000,0.00,0.000,0.000,0.00,0.000,0.000,0.00,0.000,0.000,0.00,0.000,0.000,0.00,0.000,0.000,0.00,0.000,0.000,0.00,0.000,0.000,0.00,0.000,0.000,0.00,0.000,0.000,0.00,0.000,0.000,0.00,0.000,0.000,0.00,0.000,0.000,0.00,0.000,0.000,0.00,0.000,0.000,0.00,0.000,0.000,0.00,0.000,0.000,0.00,0.000,0.000,0.00,0.000,0.000,0.00,0.000,0.000,0.00,0.000,0.000,0.00,0.000,0.000,0.00,0.000,0.000,0.00,0.000,0.000,0.00,0.000,0.000,0.00,0.000,0.000,0.00,0.000,0.000,0.00
6.2961,0.000,0.000,0.00,0.84,0.00,0.000,0.000,0.00,0.000,0.000,0.00,0.000,0.000,0.00,0.000,0.000,0.00,0.000,0.000,0.00,0.000,0.000,0.00,0.000,0.000,0.00,0.000,0.000,0.00,0.000,0.000,0.00,0.000,0.000,0.00,0.000,0.000,0.00,0.000,0.000,0.00,0.000,0.000,0.00,0.000,0.000,0.00,0.000,0.000,0.00,0.000,0.000,0.00,0.000,0.000,0.00,0.000,0.000,0.00,0.000,0.000,0.00,0.000,0.000,0.00,0.000,0.000,0.00,0.000,0.000,0.00,0.000,0.000,0.00,0.000,0.000,0.00,0.000,0.000,0.00,0.000,0.000,0.00,0.000,0.000,0.00,0.000,0.000,0.00,0.000,0.000,0.00,0.000,0.000,0.00
6.3980,0.000,0.000,0.00,1.07,0.00,0.000,0.000,0.00,0.000,0.000,0.00,0.000,0.000,0.00,0.000,0.000,0.00,0.000,0.000,0.00,0.000,0.000,0.00,0.000,0.000,0.00,0.000,0.000,0.00,0.000,0.000,0.00,0.000,0.000,0.00,0.000,0.000,0.00,0.000,0.000,0.00,0.000,0.000,0.00,0.000,0.000,0.00,0.000,0.000,0.00,0.000,0.000,0.00,0.000,0.000,0.00,0.000,0.000,0.00,0.000,0.000,0.00,0.000,0.000,0.00,0.000,0.000,0.00,0.000,0.000,0.00,0.000,0.000,0.00,0.000,0.000,0.00,0.000,0.000,0.00,0.000,0.000,0.00,0.000,0.000,0.00,0.000,0.000,0.00,0.000,0.000,0.00,0.000,0.000,0.00
6.4999,0.000,0.000,0.00,0.84,0.00,0.000,0.000,0.00,0.000,0.000,0.00,0.000,0.000,0.00,0.000,0.000,0.00,0.000,0.000,0.00,0.000,0.000,0.00,0.000,0.000,0.00,0.000,0.000,0.00,0.000,0.000,0.00,0.000,0.000,0.00,0.000,0.000,0.00,0.000,0.000,0.00,0.000,0.000,0.00,0.000,0.000,0.00,0.000,0.000,0.00,0.000,0.000,0.00,0.000,0.000,0.00,0.000,0.000,0.00,0.000,0.000,0.00,0.000,0.000,0.00,0.000,0.000,0.00,0.000,0.000,0.00,0.000,0.000,0.00,0.000,0.000,0.00,0.000,0.000,0.00,0.000,0.000,0.00,0.000,0.000,0.00,0.000,0.000,0.00,0.000,0.000,0.00,0.000,0.000,0.00
6.6017,0.000,0.000,0.00,0.69,0.00,0.000,0.000,0.00,0.000,0.000,0.00,0.000,0.000,0.00,0.000,0.000,0.00,0.000,0.000,0.00,0.000,0.000,0.00,0.000,0.000,0.00,0.000,0.000,0.00,0.000,0.000,0.00,0.000,0.000,0.00,0.000,0.000,0.00,0.000,0.000,0.00,0.000,0.000,0.00,0.000,0.000,0.00,0.000,0.000,0.00,0.000,0.000,0.00,0.000,0.000,0.00,0.000,0.000,0.00,0.000,0.000,0.00,0.000,0.000,0.00,0.000,0.000,0.00,0.000,0.000,0.00,0.000,0.000,0.00,0.000,0.000,0.00,0.000,0.000,0.00,0.000,0.000,0.00,0.000,0.000,0.00,0.000,0.000,0.00,0.000,0.000,0.00,0.000,0.000,0.00
6.7034,0.000,0.000,0.00,0.84,0.00,0.000,0.000,0.00,0.000,0.000,0.00,0.000,0.000,0.00,0.000,0.000,0.00,0.000,0.000,0.00,0.000,0.000,0.00,0.000,0.000,0.00,0.000,0.000,0.00,0.000,0.000,0.00,0.000,0.000,0.00,0.000,0.000,0.00,0.000,0.000,0.00,0.000,0.000,0.00,0.000,0.000,0.00,0.000,0.000,0.00,0.000,0.000,0.00,0.000,0.000,0.00,0.000,0.000,0.00,0.000,0.000,0.00,0.000,0.000,0.00,0.000,0.000,0.00,0.000,0.000,0.00,0.000,0.000,0.00,0.000,0.000,0.00,0.000,0.000,0.00,0.000,0.000,0.00,0.000,0.000,0.00,0.000,0.000,0.00,0.000,0.000,0.00,0.000,0.000,0.00
6.8052,0.000,0.000,0.00,0.92,0.00,0.000,0.000,0.00,0.000,0.000,0.00,0.000,0.000,0.00,0.000,0.000,0.00,0.000,0.000,0.00,0.000,0.000,0.00,0.000,0.000,0.00,0.000,0.000,0.00,0.000,0.000,0.00,0.000,0.000,0.00,0.000,0.000,0.00,0.000,0.000,0.00,0.000,0.000,0.00,0.000,0.000,0.00,0.000,0.000,0.00,0.000,0.000,0.00,0.000,0.000,0.00,0.000,0.000,0.00,0.000,0.000,0.00,0.000,0.000,0.00,0.000,0.000,0.00,0.000,0.000,0.00,0.000,0.000,0.00,0.000,0.000,0.00,0.000,0.000,0.00,0.000,0.000,0.00,0.000,0.000,0.00,0.000,0.000,0.00,0.000,0.000,0.00,0.000,0.000,0.00
6.9070,0.000,0.000,0.00,0.77,0.00,0.000,0.000,0.00,0.000,0.000,0.00,0.000,0.000,0.00,0.000,0.000,0.00,0.000,0.000,0.00,0.000,0.000,0.00,0.000,0.000,0.00,0.000,0.000,0.00,0.000,0.000,0.00,0.000,0.000,0.00,0.000,0.000,0.00,0.000,0.000,0.00,0.000,0.000,0.00,0.000,0.000,0.00,0.000,0.000,0.00,0.000,0.000,0.00,0.000,0.000,0.00,0.000,0.000,0.00,0.000,0.000,0.00,0.000,0.000,0.00,0.000,0.000,0.00,0.000,0.000,0.00,0.000,0.000,0.00,0.000,0.000,0.00,0.000,0.000,0.00,0.000,0.000,0.00,0.000,0.000,0.00,0.000,0.000,0.00,0.000,0.000,0.00,0.000,0.000,0.00
7.0088,0.000,0.000,0.00,0.77,0.00,0.000,0.000,0.00,0.000,0.000,0.00,0.000,0.000,0.00,0.000,0.000,0.00,0.000,0.000,0.00,0.000,0.000,0.00,0.000,0.000,0.00,0.000,0.000,0.00,0.000,0.000,0.00,0.000,0.000,0.00,0.000,0.000,0.00,0.000,0.000,0.00,0.000,0.000,0.00,0.000,0.000,0.00,0.000,0.000,0.00,0.000,0.000,0.00,0.000,0.000,0.00,0.000,0.000,0.00,0.000,0.000,0.00,0.000,0.000,0.00,0.000,0.000,0.00,0.000,0.000,0.00,0.000,0.000,0.00,0.000,0.000,0.00,0.000,0.000,0.00,0.000,0.000,0.00,0.000,0.000,0.00,0.000,0.000,0.00,0.000,0.000,0.00,0.000,0.000,0.00
7.1106,0.000,0.000,0.00,0.84,0.00,0.000,0.000,0.00,0.000,0.000,0.00,0.000,0.000,0.00,0.000,0.000,0.00,0.000,0.000,0.00,0.000,0.000,0.00,0.000,0.000,0.00,0.000,0.000,0.00,0.000,0.000,0.00,0.000,0.000,0.00,0.000,0.000,0.00,0.000,0.000,0.00,0.000,0.000,0.00,0.000,0.000,0.00,0.000,0.000,0.00,0.000,0.000,0.00,0.000,0.000,0.00,0.000,0.000,0.00,0.000,0.000,0.00,0.000,0.000,0.00,0.000,0.000,0.00,0.000,0.000,0.00,0.000,0.000,0.00,0.000,0.000,0.00,0.000,0.000,0.00,0.000,0.000,0.00,0.000,0.000,0.00,0.000,0.000,0.00,0.000,0.000,0.00,0.000,0.000,0.00
7.2124,0.000,0.000,0.00,0.84,0.00,0.000,0.000,0.00,0.000,0.000,0.00,0.000,0.000,0.00,0.000,0.000,0.00,0.000,0.000,0.00,0.000,0.000,0.00,0.000,0.000,0.00,0.000,0.000,0.00,0.000,0.000,0.00,0.000,0.000,0.00,0.000,0.000,0.00,0.000,0.000,0.00,0.000,0.000,0.00,0.000,0.000,0.00,0.000,0.000,0.00,0.000,0.000,0.00,0.000,0.000,0.00,0.000,0.000,0.00,0.000,0.000,0.00,0.000,0.000,0.00,0.000,0.000,0.00,0.000,0.000,0.00,0.000,0.000,0.00,0.000,0.000,0.00,0.000,0.000,0.00,0.000,0.000,0.00,0.000,0.000,0.00,0.000,0.000,0.00,0.000,0.000,0.00,0.000,0.000,0.00
7.3143,0.000,0.000,0.00,0.77,0.00,0.000,0.000,0.00,0.000,0.000,0.00,0.000,0.000,0.00,0.000,0.000,0.00,0.000,0.000,0.00,0.000,0.000,0.00,0.000,0.000,0.00,0.000,0.000,0.00,0.000,0.000,0.00,0.000,0.000,0.00,0.000,0.000,0.00,0.000,0.000,0.00,0.000,0.000,0.00,0.000,0.000,0.00,0.000,0.000,0.00,0.000,0.000,0.00,0.000,0.000,0.00,0.000,0.000,0.00,0.000,0.000,0.00,0.000,0.000,0.00,0.000,0.000,0.00,0.000,0.000,0.00,0.000,0.000,0.00,0.000,0.000,0.00,0.000,0.000,0.00,0.000,0.000,0.00,0.000,0.000,0.00,0.000,0.000,0.00,0.000,0.000,0.00,0.000,0.000,0.00
7.4160,0.000,0.000,0.00,0.77,0.00,0.000,0.000,0.00,0.000,0.000,0.00,0.000,0.000,0.00,0.000,0.000,0.00,0.000,0.000,0.00,0.000,0.000,0.00,0.000,0.000,0.00,0.000,0.000,0.00,0.000,0.000,0.00,0.000,0.000,0.00,0.000,0.000,0.00,0.000,0.000,0.00,0.000,0.000,0.00,0.000,0.000,0.00,0.000,0.000,0.00,0.000,0.000,0.00,0.000,0.000,0.00,0.000,0.000,0.00,0.000,0.000,0.00,0.000,0.000,0.00,0.000,0.000,0.00,0.000,0.000,0.00,0.000,0.000,0.00,0.000,0.000,0.00,0.000,0.000,0.00,0.000,0.000,0.00,0.000,0.000,0.00,0.000,0.000,0.00,0.000,0.000,0.00,0.000,0.000,0.00
7.5179,0.000,0.000,0.00,0.77,0.00,0.000,0.000,0.00,0.000,0.000,0.00,0.000,0.000,0.00,0.000,0.000,0.00,0.000,0.000,0.00,0.000,0.000,0.00,0.000,0.000,0.00,0.000,0.000,0.00,0.000,0.000,0.00,0.000,0.000,0.00,0.000,0.000,0.00,0.000,0.000,0.00,0.000,0.000,0.00,0.000,0.000,0.00,0.000,0.000,0.00,0.000,0.000,0.00,0.000,0.000,0.00,0.000,0.000,0.00,0.000,0.000,0.00,0.000,0.000,0.00,0.000,0.000,0.00,0.000,0.000,0.00,0.000,0.000,0.00,0.000,0.000,0.00,0.000,0.000,0.00,0.000,0.000,0.00,0.000,0.000,0.00,0.000,0.000,0.00,0.000,0.000,0.00,0.000,0.000,0.00
7.6196,0.000,0.000,0.00,0.84,0.00,0.000,0.000,0.00,0.000,0.000,0.00,0.000,0.000,0.00,0.000,0.000,0.00,0.000,0.000,0.00,0.000,0.000,0.00,0.000,0.000,0.00,0.000,0.000,0.00,0.000,0.000,0.00,0.000,0.000,0.00,0.000,0.000,0.00,0.000,0.000,0.00,0.000,0.000,0.00,0.000,0.000,0.00,0.000,0.000,0.00,0.000,0.000,0.00,0.000,0.000,0.00,0.000,0.000,0.00,0.000,0.000,0.00,0.000,0.000,0.00,0.000,0.000,0.00,0.000,0.000,0.00,0.000,0.000,0.00,0.000,0.000,0.00,0.000,0.000,0.00,0.000,0.000,0.00,0.000,0.000,0.00,0.000,0.000,0.00,0.000,0.000,0.00,0.000,0.000,0.00
7.7213,0.000,0.000,0.00,0.77,0.00,0.000,0.000,0.00,0.000,0.000,0.00,0.000,0.000,0.00,0.000,0.000,0.00,0.000,0.000,0.00,0.000,0.000,0.00,0.000,0.000,0.00,0.000,0.000,0.00,0.000,0.000,0.00,0.000,0.000,0.00,0.000,0.000,0.00,0.000,0.000,0.00,0.000,0.000,0.00,0.000,0.000,0.00,0.000,0.000,0.00,0.000,0.000,0.00,0.000,0.000,0.00,0.000,0.000,0.00,0.000,0.000,0.00,0.000,0.000,0.00,0.000,0.000,0.00,0.000,0.000,0.00,0.000,0.000,0.00,0.000,0.000,0.00,0.000,0.000,0.00,0.000,0.000,0.00,0.000,0.000,0.00,0.000,0.000,0.00,0.000,0.000,0.00,0.000,0.000,0.00
7.8230,0.000,0.000,0.00,0.84,0.00,0.000,0.000,0.00,0.000,0.000,0.00,0.000,0.000,0.00,0.000,0.000,0.00,0.000,0.000,0.00,0.000,0.000,0.00,0.000,0.000,0.00,0.000,0.000,0.00,0.000,0.000,0.00,0.000,0.000,0.00,0.000,0.000,0.00,0.000,0.000,0.00,0.000,0.000,0.00,0.000,0.000,0.00,0.000,0.000,0.00,0.000,0.000,0.00,0.000,0.000,0.00,0.000,0.000,0.00,0.000,0.000,0.00,0.000,0.000,0.00,0.000,0.000,0.00,0.000,0.000,0.00,0.000,0.000,0.00,0.000,0.000,0.00,0.000,0.000,0.00,0.000,0.000,0.00,0.000,0.000,0.00,0.000,0.000,0.00,0.000,0.000,0.00,0.000,0.000,0.00
7.9248,0.000,0.000,0.00,1.07,0.00,0.000,0.000,0.00,0.000,0.000,0.00,0.000,0.000,0.00,0.000,0.000,0.00,0.000,0.000,0.00,0.000,0.000,0.00,0.000,0.000,0.00,0.000,0.000,0.00,0.000,0.000,0.00,0.000,0.000,0.00,0.000,0.000,0.00,0.000,0.000,0.00,0.000,0.000,0.00,0.000,0.000,0.00,0.000,0.000,0.00,0.000,0.000,0.00,0.000,0.000,0.00,0.000,0.000,0.00,0.000,0.000,0.00,0.000,0.000,0.00,0.000,0.000,0.00,0.000,0.000,0.00,0.000,0.000,0.00,0.000,0.000,0.00,0.000,0.000,0.00,0.000,0.000,0.00,0.000,0.000,0.00,0.000,0.000,0.00,0.000,0.000,0.00,0.000,0.000,0.00
8.0267,0.000,0.000,0.00,0.84,0.00,0.000,0.000,0.00,0.000,0.000,0.00,0.000,0.000,0.00,0.000,0.000,0.00,0.000,0.000,0.00,0.000,0.000,0.00,0.000,0.000,0.00,0.000,0.000,0.00,0.000,0.000,0.00,0.000,0.000,0.00,0.000,0.000,0.00,0.000,0.000,0.00,0.000,0.000,0.00,0.000,0.000,0.00,0.000,0.000,0.00,0.000,0.000,0.00,0.000,0.000,0.00,0.000,0.000,0.00,0.000,0.000,0.00,0.000,0.000,0.00,0.000,0.000,0.00,0.000,0.000,0.00,0.000,0.000,0.00,0.000,0.000,0.00,0.000,0.000,0.00,0.000,0.000,0.00,0.000,0.000,0.00,0.000,0.000,0.00,0.000,0.000,0.00,0.000,0.000,0.00
8.1285,0.000,0.000,0.00,0.77,0.00,0.000,0.000,0.00,0.000,0.000,0.00,0.000,0.000,0.00,0.000,0.000,0.00,0.000,0.000,0.00,0.000,0.000,0.00,0.000,0.000,0.00,0.000,0.000,0.00,0.000,0.000,0.00,0.000,0.000,0.00,0.000,0.000,0.00,0.000,0.000,0.00,0.000,0.000,0.00,0.000,0.000,0.00,0.000,0.000,0.00,0.000,0.000,0.00,0.000,0.000,0.00,0.000,0.000,0.00,0.000,0.000,0.00,0.000,0.000,0.00,0.000,0.000,0.00,0.000,0.000,0.00,0.000,0.000,0.00,0.000,0.000,0.00,0.000,0.000,0.00,0.000,0.000,0.00,0.000,0.000,0.00,0.000,0.000,0.00,0.000,0.000,0.00,0.000,0.000,0.00
8.2303,0.000,0.000,0.00,0.77,0.00,0.000,0.000,0.00,0.000,0.000,0.00,0.000,0.000,0.00,0.000,0.000,0.00,0.000,0.000,0.00,0.000,0.000,0.00,0.000,0.000,0.00,0.000,0.000,0.00,0.000,0.000,0.00,0.000,0.000,0.00,0.000,0.000,0.00,0.000,0.000,0.00,0.000,0.000,0.00,0.000,0.000,0.00,0.000,0.000,0.00,0.000,0.000,0.00,0.000,0.000,0.00,0.000,0.000,0.00,0.000,0.000,0.00,0.000,0.000,0.00,0.000,0.000,0.00,0.000,0.000,0.00,0.000,0.000,0.00,0.000,0.000,0.00,0.000,0.000,0.00,0.000,0.000,0.00,0.000,0.000,0.00,0.000,0.000,0.00,0.000,0.000,0.00,0.000,0.000,0.00
8.3320,0.000,0.000,0.00,0.84,0.00,0.000,0.000,0.00,0.000,0.000,0.00,0.000,0.000,0.00,0.000,0.000,0.00,0.000,0.000,0.00,0.000,0.000,0.00,0.000,0.000,0.00,0.000,0.000,0.00,0.000,0.000,0.00,0.000,0.000,0.00,0.000,0.000,0.00,0.000,0.000,0.00,0.000,0.000,0.00,0.000,0.000,0.00,0.000,0.000,0.00,0.000,0.000,0.00,0.000,0.000,0.00,0.000,0.000,0.00,0.000,0.000,0.00,0.000,0.000,0.00,0.000,0.000,0.00,0.000,0.000,0.00,0.000,0.000,0.00,0.000,0.000,0.00,0.000,0.000,0.00,0.000,0.000,0.00,0.000,0.000,0.00,0.000,0.000,0.00,0.000,0.000,0.00,0.000,0.000,0.00
8.4337,0.000,0.000,0.00,0.84,0.00,0.000,0.000,0.00,0.000,0.000,0.00,0.000,0.000,0.00,0.000,0.000,0.00,0.000,0.000,0.00,0.000,0.000,0.00,0.000,0.000,0.00,0.000,0.000,0.00,0.000,0.000,0.00,0.000,0.000,0.00,0.000,0.000,0.00,0.000,0.000,0.00,0.000,0.000,0.00,0.000,0.000,0.00,0.000,0.000,0.00,0.000,0.000,0.00,0.000,0.000,0.00,0.000,0.000,0.00,0.000,0.000,0.00,0.000,0.000,0.00,0.000,0.000,0.00,0.000,0.000,0.00,0.000,0.000,0.00,0.000,0.000,0.00,0.000,0.000,0.00,0.000,0.000,0.00,0.000,0.000,0.00,0.000,0.000,0.00,0.000,0.000,0.00,0.000,0.000,0.00
8.5355,0.000,0.000,0.00,0.77,0.00,0.000,0.000,0.00,0.000,0.000,0.00,0.000,0.000,0.00,0.000,0.000,0.00,0.000,0.000,0.00,0.000,0.000,0.00,0.000,0.000,0.00,0.000,0.000,0.00,0.000,0.000,0.00,0.000,0.000,0.00,0.000,0.000,0.00,0.000,0.000,0.00,0.000,0.000,0.00,0.000,0.000,0.00,0.000,0.000,0.00,0.000,0.000,0.00,0.000,0.000,0.00,0.000,0.000,0.00,0.000,0.000,0.00,0.000,0.000,0.00,0.000,0.000,0.00,0.000,0.000,0.00,0.000,0.000,0.00,0.000,0.000,0.00,0.000,0.000,0.00,0.000,0.000,0.00,0.000,0.000,0.00,0.000,0.000,0.00,0.000,0.000,0.00,0.000,0.000,0.00
8.6378,0.000,0.000,0.00,1.00,0.00,0.000,0.000,0.00,0.000,0.000,0.00,0.000,0.000,0.00,0.000,0.000,0.00,0.000,0.000,0.00,0.000,0.000,0.00,0.000,0.000,0.00,0.000,0.000,0.00,0.000,0.000,0.00,0.000,0.000,0.00,0.000,0.000,0.00,0.000,0.000,0.00,0.000,0.000,0.00,0.000,0.000,0.00,0.000,0.000,0.00,0.000,0.000,0.00,0.000,0.000,0.00,0.000,0.000,0.00,0.000,0.000,0.00,0.000,0.000,0.00,0.000,0.000,0.00,0.000,0.000,0.00,0.000,0.000,0.00,0.000,0.000,0.00,0.000,0.000,0.00,0.000,0.000,0.00,0.000,0.000,0.00,0.000,0.000,0.00,0.000,0.000,0.00,0.000,0.000,0.00
8.7393,0.000,0.000,0.00,0.77,0.00,0.000,0.000,0.00,0.000,0.000,0.00,0.000,0.000,0.00,0.000,0.000,0.00,0.000,0.000,0.00,0.000,0.000,0.00,0.000,0.000,0.00,0.000,0.000,0.00,0.000,0.000,0.00,0.000,0.000,0.00,0.000,0.000,0.00,0.000,0.000,0.00,0.000,0.000,0.00,0.000,0.000,0.00,0.000,0.000,0.00,0.000,0.000,0.00,0.000,0.000,0.00,0.000,0.000,0.00,0.000,0.000,0.00,0.000,0.000,0.00,0.000,0.000,0.00,0.000,0.000,0.00,0.000,0.000,0.00,0.000,0.000,0.00,0.000,0.000,0.00,0.000,0.000,0.00,0.000,0.000,0.00,0.000,0.000,0.00,0.000,0.000,0.00,0.000,0.000,0.00
8.8408,0.000,0.000,0.00,0.85,0.00,0.000,0.000,0.00,0.000,0.000,0.00,0.000,0.000,0.00,0.000,0.000,0.00,0.000,0.000,0.00,0.000,0.000,0.00,0.000,0.000,0.00,0.000,0.000,0.00,0.000,0.000,0.00,0.000,0.000,0.00,0.000,0.000,0.00,0.000,0.000,0.00,0.000,0.000,0.00,0.000,0.000,0.00,0.000,0.000,0.00,0.000,0.000,0.00,0.000,0.000,0.00,0.000,0.000,0.00,0.000,0.000,0.00,0.000,0.000,0.00,0.000,0.000,0.00,0.000,0.000,0.00,0.000,0.000,0.00,0.000,0.000,0.00,0.000,0.000,0.00,0.000,0.000,0.00,0.000,0.000,0.00,0.000,0.000,0.00,0.000,0.000,0.00,0.000,0.000,0.00
8.9421,0.000,0.000,0.00,0.84,0.00,0.000,0.000,0.00,0.000,0.000,0.00,0.000,0.000,0.00,0.000,0.000,0.00,0.000,0.000,0.00,0.000,0.000,0.00,0.000,0.000,0.00,0.000,0.000,0.00,0.000,0.000,0.00,0.000,0.000,0.00,0.000,0.000,0.00,0.000,0.000,0.00,0.000,0.000,0.00,0.000,0.000,0.00,0.000,0.000,0.00,0.000,0.000,0.00,0.000,0.000,0.00,0.000,0.000,0.00,0.000,0.000,0.00,0.000,0.000,0.00,0.000,0.000,0.00,0.000,0.000,0.00,0.000,0.000,0.00,0.000,0.000,0.00,0.000,0.000,0.00,0.000,0.000,0.00,0.000,0.000,0.00,0.000,0.000,0.00,0.000,0.000,0.00,0.000,0.000,0.00
9.0441,0.000,0.914,0.07,0.77,0.00,0.000,0.000,0.00,0.000,0.000,0.00,0.000,0.000,0.00,0.000,0.000,0.00,0.000,0.000,0.00,0.000,0.000,0.00,0.000,0.000,0.00,0.000,0.000,0.00,0.000,0.000,0.00,0.000,0.000,0.00,0.000,0.000,0.00,0.000,0.000,0.00,0.000,0.000,0.00,0.000,0.000,0.00,0.000,0.000,0.00,0.000,0.000,0.00,0.000,0.000,0.00,0.000,0.000,0.00,0.000,0.000,0.00,0.000,0.000,0.00,0.000,0.000,0.00,0.000,0.000,0.00,0.000,0.000,0.00,0.000,0.000,0.00,0.000,0.914,1.96,0.000,0.000,0.00,0.000,0.000,0.00,0.000,0.000,0.00,0.000,0.000,0.00,0.000,0.000,0.00
9.1459,0.000,0.000,0.00,0.77,0.00,0.000,0.000,0.00,0.000,0.000,0.00,0.000,0.000,0.00,0.000,0.000,0.00,0.000,0.000,0.00,0.000,0.000,0.00,0.000,0.000,0.00,0.000,0.000,0.00,0.000,0.000,0.00,0.000,0.000,0.00,0.000,0.000,0.00,0.000,0.000,0.00,0.000,0.000,0.00,0.000,0.000,0.00,0.000,0.000,0.00,0.000,0.000,0.00,0.000,0.000,0.00,0.000,0.000,0.00,0.000,0.000,0.00,0.000,0.000,0.00,0.000,0.000,0.00,0.000,0.000,0.00,0.000,0.000,0.00,0.000,0.000,0.00,0.000,0.000,0.00,0.000,0.000,0.00,0.000,0.000,0.00,0.000,0.000,0.00,0.000,0.000,0.00,0.000,0.000,0.00
9.2478,0.000,0.000,0.00,0.84,0.00,0.000,0.000,0.00,0.000,0.000,0.00,0.000,0.000,0.00,0.000,0.000,0.00,0.000,0.000,0.00,0.000,0.000,0.00,0.000,0.000,0.00,0.000,0.000,0.00,0.000,0.000,0.00,0.000,0.000,0.00,0.000,0.000,0.00,0.000,0.000,0.00,0.000,0.000,0.00,0.000,0.000,0.00,0.000,0.000,0.00,0.000,0.000,0.00,0.000,0.000,0.00,0.000,0.000,0.00,0.000,0.000,0.00,0.000,0.000,0.00,0.000,0.000,0.00,0.000,0.000,0.00,0.000,0.000,0.00,0.000,0.000,0.00,0.000,0.000,0.00,0.000,0.000,0.00,0.000,0.000,0.00,0.000,0.000,0.00,0.000,0.000,0.00,0.000,0.000,0.00
9.3495,0.000,0.000,0.00,0.84,0.00,0.000,0.000,0.00,0.000,0.000,0.00,0.000,0.000,0.00,0.000,0.000,0.00,0.000,0.000,0.00,0.000,0.000,0.00,0.000,0.000,0.00,0.000,0.000,0.00,0.000,0.000,0.00,0.000,0.000,0.00,0.000,0.000,0.00,0.000,0.000,0.00,0.000,0.000,0.00,0.000,0.000,0.00,0.000,0.000,0.00,0.000,0.000,0.00,0.000,0.000,0.00,0.000,0.000,0.00,0.000,0.000,0.00,0.000,0.000,0.00,0.000,0.000,0.00,0.000,0.000,0.00,0.000,0.000,0.00,0.000,0.000,0.00,0.000,0.000,0.00,0.000,0.000,0.00,0.000,0.000,0.00,0.000,0.000,0.00,0.000,0.000,0.00,0.000,0.000,0.00
9.4513,0.000,0.000,0.00,1.00,0.00,0.000,0.000,0.00,0.000,0.000,0.00,0.000,0.000,0.00,0.000,0.000,0.00,0.000,0.000,0.00,0.000,0.000,0.00,0.000,0.000,0.00,0.000,0.000,0.00,0.000,0.000,0.00,0.000,0.000,0.00,0.000,0.000,0.00,0.000,0.000,0.00,0.000,0.000,0.00,0.000,0.000,0.00,0.000,0.000,0.00,0.000,0.000,0.00,0.000,0.000,0.00,0.000,0.000,0.00,0.000,0.000,0.00,0.000,0.000,0.00,0.000,0.000,0.00,0.000,0.000,0.00,0.000,0.000,0.00,0.000,0.000,0.00,0.000,0.000,0.00,0.000,0.000,0.00,0.000,0.000,0.00,0.000,0.000,0.00,0.000,0.000,0.00,0.000,0.000,0.00
9.5532,0.000,0.000,0.00,0.77,0.00,0.000,0.000,0.00,0.000,0.000,0.00,0.000,0.000,0.00,0.000,0.000,0.00,0.000,0.000,0.00,0.000,0.000,0.00,0.000,0.000,0.00,0.000,0.000,0.00,0.000,0.000,0.00,0.000,0.000,0.00,0.000,0.000,0.00,0.000,0.000,0.00,0.000,0.000,0.00,0.000,0.000,0.00,0.000,0.000,0.00,0.000,0.000,0.00,0.000,0.000,0.00,0.000,0.000,0.00,0.000,0.000,0.00,0.000,0.000,0.00,0.000,0.000,0.00,0.000,0.000,0.00,0.000,0.000,0.00,0.000,0.000,0.00,0.000,0.000,0.00,0.000,0.000,0.00,0.000,0.000,0.00,0.000,0.000,0.00,0.000,0.000,0.00,0.000,0.000,0.00
9.6551,0.000,0.000,0.00,0.84,0.00,0.000,0.000,0.00,0.000,0.000,0.00,0.000,0.000,0.00,0.000,0.000,0.00,0.000,0.000,0.00,0.000,0.000,0.00,0.000,0.000,0.00,0.000,0.000,0.00,0.000,0.000,0.00,0.000,0.000,0.00,0.000,0.000,0.00,0.000,0.000,0.00,0.000,0.000,0.00,0.000,0.000,0.00,0.000,0.000,0.00,0.000,0.000,0.00,0.000,0.000,0.00,0.000,0.000,0.00,0.000,0.000,0.00,0.000,0.000,0.00,0.000,0.000,0.00,0.000,0.000,0.00,0.000,0.000,0.00,0.000,0.000,0.00,0.000,0.000,0.00,0.000,0.000,0.00,0.000,0.000,0.00,0.000,0.000,0.00,0.000,0.000,0.00,0.000,0.000,0.00
9.7570,0.000,0.000,0.00,0.77,0.00,0.000,0.000,0.00,0.000,0.000,0.00,0.000,0.000,0.00,0.000,0.000,0.00,0.000,0.000,0.00,0.000,0.000,0.00,0.000,0.000,0.00,0.000,0.000,0.00,0.000,0.000,0.00,0.000,0.000,0.00,0.000,0.000,0.00,0.000,0.000,0.00,0.000,0.000,0.00,0.000,0.000,0.00,0.000,0.000,0.00,0.000,0.000,0.00,0.000,0.000,0.00,0.000,0.000,0.00,0.000,0.000,0.00,0.000,0.000,0.00,0.000,0.000,0.00,0.000,0.000,0.00,0.000,0.000,0.00,0.000,0.000,0.00,0.000,0.000,0.00,0.000,0.000,0.00,0.000,0.000,0.00,0.000,0.000,0.00,0.000,0.000,0.00,0.000,0.000,0.00
9.8588,0.000,0.000,0.00,0.92,0.00,0.000,0.000,0.00,0.000,0.000,0.00,0.000,0.000,0.00,0.000,0.000,0.00,0.000,0.000,0.00,0.000,0.000,0.00,0.000,0.000,0.00,0.000,0.000,0.00,0.000,0.000,0.00,0.000,0.000,0.00,0.000,0.000,0.00,0.000,0.000,0.00,0.000,0.000,0.00,0.000,0.000,0.00,0.000,0.000,0.00,0.000,0.000,0.00,0.000,0.000,0.00,0.000,0.000,0.00,0.000,0.000,0.00,0.000,0.000,0.00,0.000,0.000,0.00,0.000,0.000,0.00,0.000,0.000,0.00,0.000,0.000,0.00,0.000,0.000,0.00,0.000,0.000,0.00,0.000,0.000,0.00,0.000,0.000,0.00,0.000,0.000,0.00,0.000,0.000,0.00
9.9607,0.000,0.000,0.00,0.77,0.00,0.000,0.000,0.00,0.000,0.000,0.00,0.000,0.000,0.00,0.000,0.000,0.00,0.000,0.000,0.00,0.000,0.000,0.00,0.000,0.000,0.00,0.000,0.000,0.00,0.000,0.000,0.00,0.000,0.000,0.00,0.000,0.000,0.00,0.000,0.000,0.00,0.000,0.000,0.00,0.000,0.000,0.00,0.000,0.000,0.00,0.000,0.000,0.00,0.000,0.000,0.00,0.000,0.000,0.00,0.000,0.000,0.00,0.000,0.000,0.00,0.000,0.000,0.00,0.000,0.000,0.00,0.000,0.000,0.00,0.000,0.000,0.00,0.000,0.000,0.00,0.000,0.000,0.00,0.000,0.000,0.00,0.000,0.000,0.00,0.000,0.000,0.00,0.000,0.000,0.00
10.0626,0.000,0.000,0.00,0.77,0.00,0.000,0.000,0.00,0.000,0.000,0.00,0.000,0.000,0.00,0.000,0.000,0.00,0.000,0.000,0.00,0.000,0.000,0.00,0.000,0.000,0.00,0.000,0.000,0.00,0.000,0.000,0.00,0.000,0.000,0.00,0.000,0.000,0.00,0.000,0.000,0.00,0.000,0.000,0.00,0.000,0.000,0.00,0.000,0.000,0.00,0.000,0.000,0.00,0.000,0.000,0.00,0.000,0.000,0.00,0.000,0.000,0.00,0.000,0.000,0.00,0.000,0.000,0.00,0.000,0.000,0.00,0.000,0.000,0.00,0.000,0.000,0.00,0.000,0.000,0.00,0.000,0.000,0.00,0.000,0.000,0.00,0.000,0.000,0.00,0.000,0.000,0.00,0.000,0.000,0.00
10.1645,0.000,0.000,0.00,0.84,0.00,0.000,0.000,0.00,0.000,0.000,0.00,0.000,0.000,0.00,0.000,0.000,0.00,0.000,0.000,0.00,0.000,0.000,0.00,0.000,0.000,0.00,0.000,0.000,0.00,0.000,0.000,0.00,0.000,0.000,0.00,0.000,0.000,0.00,0.000,0.000,0.00,0.000,0.000,0.00,0.000,0.000,0.00,0.000,0.000,0.00,0.000,0.000,0.00,0.000,0.000,0.00,0.000,0.000,0.00,0.000,0.000,0.00,0.000,0.000,0.00,0.000,0.000,0.00,0.000,0.000,0.00,0.000,0.000,0.00,0.000,0.000,0.00,0.000,0.000,0.00,0.000,0.000,0.00,0.000,0.000,0.00,0.000,0.000,0.00,0.000,0.000,0.00,0.000,0.000,0.00
10.2663,0.000,0.000,0.00,0.92,0.00,0.000,0.000,0.00,0.000,0.000,0.00,0.000,0.000,0.00,0.000,0.000,0.00,0.000,0.000,0.00,0.000,0.000,0.00,0.000,0.000,0.00,0.000,0.000,0.00,0.000,0.000,0.00,0.000,0.000,0.00,0.000,0.000,0.00,0.000,0.000,0.00,0.000,0.000,0.00,0.000,0.000,0.00,0.000,0.000,0.00,0.000,0.000,0.00,0.000,0.000,0.00,0.000,0.000,0.00,0.000,0.000,0.00,0.000,0.000,0.00,0.000,0.000,0.00,0.000,0.000,0.00,0.000,0.000,0.00,0.000,0.000,0.00,0.000,0.000,0.00,0.000,0.000,0.00,0.000,0.000,0.00,0.000,0.000,0.00,0.000,0.000,0.00,0.000,0.000,0.00
10.3682,0.000,0.000,0.00,0.77,0.00,0.000,0.000,0.00,0.000,0.000,0.00,0.000,0.000,0.00,0.000,0.000,0.00,0.000,0.000,0.00,0.000,0.000,0.00,0.000,0.000,0.00,0.000,0.000,0.00,0.000,0.000,0.00,0.000,0.000,0.00,0.000,0.000,0.00,0.000,0.000,0.00,0.000,0.000,0.00,0.000,0.000,0.00,0.000,0.000,0.00,0.000,0.000,0.00,0.000,0.000,0.00,0.000,0.000,0.00,0.000,0.000,0.00,0.000,0.000,0.00,0.000,0.000,0.00,0.000,0.000,0.00,0.000,0.000,0.00,0.000,0.000,0.00,0.000,0.000,0.00,0.000,0.000,0.00,0.000,0.000,0.00,0.000,0.000,0.00,0.000,0.000,0.00,0.000,0.000,0.00
10.4700,0.000,0.000,0.00,0.77,0.00,0.000,0.000,0.00,0.000,0.000,0.00,0.000,0.000,0.00,0.000,0.000,0.00,0.000,0.000,0.00,0.000,0.000,0.00,0.000,0.000,0.00,0.000,0.000,0.00,0.000,0.000,0.00,0.000,0.000,0.00,0.000,0.000,0.00,0.000,0.000,0.00,0.000,0.000,0.00,0.000,0.000,0.00,0.000,0.000,0.00,0.000,0.000,0.00,0.000,0.000,0.00,0.000,0.000,0.00,0.000,0.000,0.00,0.000,0.000,0.00,0.000,0.000,0.00,0.000,0.000,0.00,0.000,0.000,0.00,0.000,0.000,0.00,0.000,0.000,0.00,0.000,0.000,0.00,0.000,0.000,0.00,0.000,0.000,0.00,0.000,0.000,0.00,0.000,0.000,0.00
10.5718,0.000,0.000,0.00,0.77,0.00,0.000,0.000,0.00,0.000,0.000,0.00,0.000,0.000,0.00,0.000,0.000,0.00,0.000,0.000,0.00,0.000,0.000,0.00,0.000,0.000,0.00,0.000,0.000,0.00,0.000,0.000,0.00,0.000,0.000,0.00,0.000,0.000,0.00,0.000,0.000,0.00,0.000,0.000,0.00,0.000,0.000,0.00,0.000,0.000,0.00,0.000,0.000,0.00,0.000,0.000,0.00,0.000,0.000,0.00,0.000,0.000,0.00,0.000,0.000,0.00,0.000,0.000,0.00,0.000,0.000,0.00,0.000,0.000,0.00,0.000,0.000,0.00,0.000,0.000,0.00,0.000,0.000,0.00,0.000,0.000,0.00,0.000,0.000,0.00,0.000,0.000,0.00,0.000,0.000,0.00
10.6736,0.000,0.000,0.00,0.77,0.00,0.000,0.000,0.00,0.000,0.000,0.00,0.000,0.000,0.00,0.000,0.000,0.00,0.000,0.000,0.00,0.000,0.000,0.00,0.000,0.000,0.00,0.000,0.000,0.00,0.000,0.000,0.00,0.000,0.000,0.00,0.000,0.000,0.00,0.000,0.000,0.00,0.000,0.000,0.00,0.000,0.000,0.00,0.000,0.000,0.00,0.000,0.000,0.00,0.000,0.000,0.00,0.000,0.000,0.00,0.000,0.000,0.00,0.000,0.000,0.00,0.000,0.000,0.00,0.000,0.000,0.00,0.000,0.000,0.00,0.000,0.000,0.00,0.000,0.000,0.00,0.000,0.000,0.00,0.000,0.000,0.00,0.000,0.000,0.00,0.000,0.000,0.00,0.000,0.000,0.00
10.7754,0.000,0.000,0.00,0.92,0.00,0.000,0.000,0.00,0.000,0.000,0.00,0.000,0.000,0.00,0.000,0.000,0.00,0.000,0.000,0.00,0.000,0.000,0.00,0.000,0.000,0.00,0.000,0.000,0.00,0.000,0.000,0.00,0.000,0.000,0.00,0.000,0.000,0.00,0.000,0.000,0.00,0.000,0.000,0.00,0.000,0.000,0.00,0.000,0.000,0.00,0.000,0.000,0.00,0.000,0.000,0.00,0.000,0.000,0.00,0.000,0.000,0.00,0.000,0.000,0.00,0.000,0.000,0.00,0.000,0.000,0.00,0.000,0.000,0.00,0.000,0.000,0.00,0.000,0.000,0.00,0.000,0.000,0.00,0.000,0.000,0.00,0.000,0.000,0.00,0.000,0.000,0.00,0.000,0.000,0.00
10.8773,0.000,0.000,0.00,0.77,0.00,0.000,0.000,0.00,0.000,0.000,0.00,0.000,0.000,0.00,0.000,0.000,0.00,0.000,0.000,0.00,0.000,0.000,0.00,0.000,0.000,0.00,0.000,0.000,0.00,0.000,0.000,0.00,0.000,0.000,0.00,0.000,0.000,0.00,0.000,0.000,0.00,0.000,0.000,0.00,0.000,0.000,0.00,0.000,0.000,0.00,0.000,0.000,0.00,0.000,0.000,0.00,0.000,0.000,0.00,0.000,0.000,0.00,0.000,0.000,0.00,0.000,0.000,0.00,0.000,0.000,0.00,0.000,0.000,0.00,0.000,0.000,0.00,0.000,0.000,0.00,0.000,0.000,0.00,0.000,0.000,0.00,0.000,0.000,0.00,0.000,0.000,0.00,0.000,0.000,0.00
10.9791,0.000,0.000,0.00,1.07,0.00,0.000,0.000,0.00,0.000,0.000,0.00,0.000,0.000,0.00,0.000,0.000,0.00,0.000,0.000,0.00,0.000,0.000,0.00,0.000,0.000,0.00,0.000,0.000,0.00,0.000,0.000,0.00,0.000,0.000,0.00,0.000,0.000,0.00,0.000,0.000,0.00,0.000,0.000,0.00,0.000,0.000,0.00,0.000,0.000,0.00,0.000,0.000,0.00,0.000,0.000,0.00,0.000,0.000,0.00,0.000,0.000,0.00,0.000,0.000,0.00,0.000,0.000,0.00,0.000,0.000,0.00,0.000,0.000,0.00,0.000,0.000,0.00,0.000,0.000,0.00,0.000,0.000,0.00,0.000,0.000,0.00,0.000,0.000,0.00,0.000,0.000,0.00,0.000,0.000,0.00
11.0809,0.000,0.000,0.00,0.77,0.00,0.000,0.000,0.00,0.000,0.000,0.00,0.000,0.000,0.00,0.000,0.000,0.00,0.000,0.000,0.00,0.000,0.000,0.00,0.000,0.000,0.00,0.000,0.000,0.00,0.000,0.000,0.00,0.000,0.000,0.00,0.000,0.000,0.00,0.000,0.000,0.00,0.000,0.000,0.00,0.000,0.000,0.00,0.000,0.000,0.00,0.000,0.000,0.00,0.000,0.000,0.00,0.000,0.000,0.00,0.000,0.000,0.00,0.000,0.000,0.00,0.000,0.000,0.00,0.000,0.000,0.00,0.000,0.000,0.00,0.000,0.000,0.00,0.000,0.000,0.00,0.000,0.000,0.00,0.000,0.000,0.00,0.000,0.000,0.00,0.000,0.000,0.00,0.000,0.000,0.00
11.1826,0.000,0.000,0.00,0.77,0.00,0.000,0.000,0.00,0.000,0.000,0.00,0.000,0.000,0.00,0.000,0.000,0.00,0.000,0.000,0.00,0.000,0.000,0.00,0.000,0.000,0.00,0.000,0.000,0.00,0.000,0.000,0.00,0.000,0.000,0.00,0.000,0.000,0.00,0.000,0.000,0.00,0.000,0.000,0.00,0.000,0.000,0.00,0.000,0.000,0.00,0.000,0.000,0.00,0.000,0.000,0.00,0.000,0.000,0.00,0.000,0.000,0.00,0.000,0.000,0.00,0.000,0.000,0.00,0.000,0.000,0.00,0.000,0.000,0.00,0.000,0.000,0.00,0.000,0.000,0.00,0.000,0.000,0.00,0.000,0.000,0.00,0.000,0.000,0.00,0.000,0.000,0.00,0.000,0.000,0.00
11.2845,0.000,0.000,0.00,0.84,0.00,0.000,0.000,0.00,0.000,0.000,0.00,0.000,0.000,0.00,0.000,0.000,0.00,0.000,0.000,0.00,0.000,0.000,0.00,0.000,0.000,0.00,0.000,0.000,0.00,0.000,0.000,0.00,0.000,0.000,0.00,0.000,0.000,0.00,0.000,0.000,0.00,0.000,0.000,0.00,0.000,0.000,0.00,0.000,0.000,0.00,0.000,0.000,0.00,0.000,0.000,0.00,0.000,0.000,0.00,0.000,0.000,0.00,0.000,0.000,0.00,0.000,0.000,0.00,0.000,0.000,0.00,0.000,0.000,0.00,0.000,0.000,0.00,0.000,0.000,0.00,0.000,0.000,0.00,0.000,0.000,0.00,0.000,0.000,0.00,0.000,0.000,0.00,0.000,0.000,0.00
11.3863,0.000,0.000,0.00,0.77,0.00,0.000,0.000,0.00,0.000,0.000,0.00,0.000,0.000,0.00,0.000,0.000,0.00,0.000,0.000,0.00,0.000,0.000,0.00,0.000,0.000,0.00,0.000,0.000,0.00,0.000,0.000,0.00,0.000,0.000,0.00,0.000,0.000,0.00,0.000,0.000,0.00,0.000,0.000,0.00,0.000,0.000,0.00,0.000,0.000,0.00,0.000,0.000,0.00,0.000,0.000,0.00,0.000,0.000,0.00,0.000,0.000,0.00,0.000,0.000,0.00,0.000,0.000,0.00,0.000,0.000,0.00,0.000,0.000,0.00,0.000,0.000,0.00,0.000,0.000,0.00,0.000,0.000,0.00,0.000,0.000,0.00,0.000,0.000,0.00,0.000,0.000,0.00,0.000,0.000,0.00
11.4882,0.000,0.000,0.00,0.77,0.00,0.000,0.000,0.00,0.000,0.000,0.00,0.000,0.000,0.00,0.000,0.000,0.00,0.000,0.000,0.00,0.000,0.000,0.00,0.000,0.000,0.00,0.000,0.000,0.00,0.000,0.000,0.00,0.000,0.000,0.00,0.000,0.000,0.00,0.000,0.000,0.00,0.000,0.000,0.00,0.000,0.000,0.00,0.000,0.000,0.00,0.000,0.000,0.00,0.000,0.000,0.00,0.000,0.000,0.00,0.000,0.000,0.00,0.000,0.000,0.00,0.000,0.000,0.00,0.000,0.000,0.00,0.000,0.000,0.00,0.000,0.000,0.00,0.000,0.000,0.00,0.000,0.000,0.00,0.000,0.000,0.00,0.000,0.000,0.00,0.000,0.000,0.00,0.000,0.000,0.00
11.5899,0.000,0.000,0.00,0.84,0.00,0.000,0.000,0.00,0.000,0.000,0.00,0.000,0.000,0.00,0.000,0.000,0.00,0.000,0.000,0.00,0.000,0.000,0.00,0.000,0.000,0.00,0.000,0.000,0.00,0.000,0.000,0.00,0.000,0.000,0.00,0.000,0.000,0.00,0.000,0.000,0.00,0.000,0.000,0.00,0.000,0.000,0.00,0.000,0.000,0.00,0.000,0.000,0.00,0.000,0.000,0.00,0.000,0.000,0.00,0.000,0.000,0.00,0.000,0.000,0.00,0.000,0.000,0.00,0.000,0.000,0.00,0.000,0.000,0.00,0.000,0.000,0.00,0.000,0.000,0.00,0.000,0.000,0.00,0.000,0.000,0.00,0.000,0.000,0.00,0.000,0.000,0.00,0.000,0.000,0.00
11.6917,0.000,0.000,0.00,0.84,0.00,0.000,0.000,0.00,0.000,0.000,0.00,0.000,0.000,0.00,0.000,0.000,0.00,0.000,0.000,0.00,0.000,0.000,0.00,0.000,0.000,0.00,0.000,0.000,0.00,0.000,0.000,0.00,0.000,0.000,0.00,0.000,0.000,0.00,0.000,0.000,0.00,0.000,0.000,0.00,0.000,0.000,0.00,0.000,0.000,0.00,0.000,0.000,0.00,0.000,0.000,0.00,0.000,0.000,0.00,0.000,0.000,0.00,0.000,0.000,0.00,0.000,0.000,0.00,0.000,0.000,0.00,0.000,0.000,0.00,0.000,0.000,0.00,0.000,0.000,0.00,0.000,0.000,0.00,0.000,0.000,0.00,0.000,0.000,0.00,0.000,0.000,0.00,0.000,0.000,0.00
11.7934,0.000,0.000,0.00,0.92,0.00,0.000,0.000,0.00,0.000,0.000,0.00,0.000,0.000,0.00,0.000,0.000,0.00,0.000,0.000,0.00,0.000,0.000,0.00,0.000,0.000,0.00,0.000,0.000,0.00,0.000,0.000,0.00,0.000,0.000,0.00,0.000,0.000,0.00,0.000,0.000,0.00,0.000,0.000,0.00,0.000,0.000,0.00,0.000,0.000,0.00,0.000,0.000,0.00,0.000,0.000,0.00,0.000,0.000,0.00,0.000,0.000,0.00,0.000,0.000,0.00,0.000,0.000,0.00,0.000,0.000,0.00,0.000,0.000,0.00,0.000,0.000,0.00,0.000,0.000,0.00,0.000,0.000,0.00,0.000,0.000,0.00,0.000,0.000,0.00,0.000,0.000,0.00,0.000,0.000,0.00
11.8952,0.000,0.000,0.00,0.77,0.00,0.000,0.000,0.00,0.000,0.000,0.00,0.000,0.000,0.00,0.000,0.000,0.00,0.000,0.000,0.00,0.000,0.000,0.00,0.000,0.000,0.00,0.000,0.000,0.00,0.000,0.000,0.00,0.000,0.000,0.00,0.000,0.000,0.00,0.000,0.000,0.00,0.000,0.000,0.00,0.000,0.000,0.00,0.000,0.000,0.00,0.000,0.000,0.00,0.000,0.000,0.00,0.000,0.000,0.00,0.000,0.000,0.00,0.000,0.000,0.00,0.000,0.000,0.00,0.000,0.000,0.00,0.000,0.000,0.00,0.000,0.000,0.00,0.000,0.000,0.00,0.000,0.000,0.00,0.000,0.000,0.00,0.000,0.000,0.00,0.000,0.000,0.00,0.000,0.000,0.00
11.9970,0.000,0.000,0.00,0.77,0.00,0.000,0.000,0.00,0.000,0.000,0.00,0.000,0.000,0.00,0.000,0.000,0.00,0.000,0.000,0.00,0.000,0.000,0.00,0.000,0.000,0.00,0.000,0.000,0.00,0.000,0.000,0.00,0.000,0.000,0.00,0.000,0.000,0.00,0.000,0.000,0.00,0.000,0.000,0.00,0.000,0.000,0.00,0.000,0.000,0.00,0.000,0.000,0.00,0.000,0.000,0.00,0.000,0.000,0.00,0.000,0.000,0.00,0.000,0.000,0.00,0.000,0.000,0.00,0.000,0.000,0.00,0.000,0.000,0.00,0.000,0.000,0.00,0.000,0.000,0.00,0.000,0.000,0.00,0.000,0.000,0.00,0.000,0.000,0.00,0.000,0.000,0.00,0.000,0.000,0.00
12.0988,0.000,0.724,0.07,0.77,0.00,0.000,0.000,0.00,0.000,0.000,0.00,0.000,0.000,0.00,0.000,0.000,0.00,0.000,0.000,0.00,0.000,0.000,0.00,0.000,0.000,0.00,0.000,0.000,0.00,0.000,0.000,0.00,0.000,0.000,0.00,0.000,0.000,0.00,0.000,0.000,0.00,0.000,0.000,0.00,0.000,0.000,0.00,0.000,0.000,0.00,0.000,0.000,0.00,0.000,0.000,0.00,0.000,0.000,0.00,0.000,0.000,0.00,0.000,0.000,0.00,0.000,0.000,0.00,0.000,0.000,0.00,0.000,0.724,1.96,0.000,0.000,0.00,0.000,0.000,0.00,0.000,0.000,0.00,0.000,0.000,0.00,0.000,0.000,0.00,0.000,0.000,0.00,0.000,0.000,0.00
12.2006,0.000,0.000,0.00,0.84,0.00,0.000,0.000,0.00,0.000,0.000,0.00,0.000,0.000,0.00,0.000,0.000,0.00,0.000,0.000,0.00,0.000,0.000,0.00,0.000,0.000,0.00,0.000,0.000,0.00,0.000,0.000,0.00,0.000,0.000,0.00,0.000,0.000,0.00,0.000,0.000,0.00,0.000,0.000,0.00,0.000,0.000,0.00,0.000,0.000,0.00,0.000,0.000,0.00,0.000,0.000,0.00,0.000,0.000,0.00,0.000,0.000,0.00,0.000,0.000,0.00,0.000,0.000,0.00,0.000,0.000,0.00,0.000,0.000,0.00,0.000,0.000,0.00,0.000,0.000,0.00,0.000,0.000,0.00,0.000,0.000,0.00,0.000,0.000,0.00,0.000,0.000,0.00,0.000,0.000,0.00
12.3023,0.000,0.000,0.00,0.77,0.00,0.000,0.000,0.00,0.000,0.000,0.00,0.000,0.000,0.00,0.000,0.000,0.00,0.000,0.000,0.00,0.000,0.000,0.00,0.000,0.000,0.00,0.000,0.000,0.00,0.000,0.000,0.00,0.000,0.000,0.00,0.000,0.000,0.00,0.000,0.000,0.00,0.000,0.000,0.00,0.000,0.000,0.00,0.000,0.000,0.00,0.000,0.000,0.00,0.000,0.000,0.00,0.000,0.000,0.00,0.000,0.000,0.00,0.000,0.000,0.00,0.000,0.000,0.00,0.000,0.000,0.00,0.000,0.000,0.00,0.000,0.000,0.00,0.000,0.000,0.00,0.000,0.000,0.00,0.000,0.000,0.00,0.000,0.000,0.00,0.000,0.000,0.00,0.000,0.000,0.00
12.4041,0.000,0.000,0.00,0.77,0.00,0.000,0.000,0.00,0.000,0.000,0.00,0.000,0.000,0.00,0.000,0.000,0.00,0.000,0.000,0.00,0.000,0.000,0.00,0.000,0.000,0.00,0.000,0.000,0.00,0.000,0.000,0.00,0.000,0.000,0.00,0.000,0.000,0.00,0.000,0.000,0.00,0.000,0.000,0.00,0.000,0.000,0.00,0.000,0.000,0.00,0.000,0.000,0.00,0.000,0.000,0.00,0.000,0.000,0.00,0.000,0.000,0.00,0.000,0.000,0.00,0.000,0.000,0.00,0.000,0.000,0.00,0.000,0.000,0.00,0.000,0.000,0.00,0.000,0.000,0.00,0.000,0.000,0.00,0.000,0.000,0.00,0.000,0.000,0.00,0.000,0.000,0.00,0.000,0.000,0.00
12.5058,0.000,0.000,0.00,1.07,0.00,0.000,0.000,0.00,0.000,0.000,0.00,0.000,0.000,0.00,0.000,0.000,0.00,0.000,0.000,0.00,0.000,0.000,0.00,0.000,0.000,0.00,0.000,0.000,0.00,0.000,0.000,0.00,0.000,0.000,0.00,0.000,0.000,0.00,0.000,0.000,0.00,0.000,0.000,0.00,0.000,0.000,0.00,0.000,0.000,0.00,0.000,0.000,0.00,0.000,0.000,0.00,0.000,0.000,0.00,0.000,0.000,0.00,0.000,0.000,0.00,0.000,0.000,0.00,0.000,0.000,0.00,0.000,0.000,0.00,0.000,0.000,0.00,0.000,0.000,0.00,0.000,0.000,0.00,0.000,0.000,0.00,0.000,0.000,0.00,0.000,0.000,0.00,0.000,0.000,0.00
12.6076,0.000,0.770,0.07,0.84,0.00,0.000,0.000,0.00,0.000,0.000,0.00,0.000,0.000,0.00,0.000,0.000,0.00,0.000,0.000,0.00,0.000,0.000,0.00,0.000,0.000,0.00,0.000,0.000,0.00,0.000,0.000,0.00,0.000,0.000,0.00,0.000,0.000,0.00,0.000,0.000,0.00,0.000,0.000,0.00,0.000,0.000,0.00,0.000,0.000,0.00,0.000,0.000,0.00,0.000,0.000,0.00,0.000,0.000,0.00,0.000,0.000,0.00,0.000,0.000,0.00,0.000,0.000,0.00,0.000,0.000,0.00,0.000,0.000,0.00,0.000,0.770,1.96,0.000,0.000,0.00,0.000,0.000,0.00,0.000,0.000,0.00,0.000,0.000,0.00,0.000,0.000,0.00,0.000,0.000,0.00
12.7094,0.000,0.000,0.00,0.77,0.00,0.000,0.000,0.00,0.000,0.000,0.00,0.000,0.000,0.00,0.000,0.000,0.00,0.000,0.000,0.00,0.000,0.000,0.00,0.000,0.000,0.00,0.000,0.000,0.00,0.000,0.000,0.00,0.000,0.000,0.00,0.000,0.000,0.00,0.000,0.000,0.00,0.000,0.000,0.00,0.000,0.000,0.00,0.000,0.000,0.00,0.000,0.000,0.00,0.000,0.000,0.00,0.000,0.000,0.00,0.000,0.000,0.00,0.000,0.000,0.00,0.000,0.000,0.00,0.000,0.000,0.00,0.000,0.000,0.00,0.000,0.000,0.00,0.000,0.000,0.00,0.000,0.000,0.00,0.000,0.000,0.00,0.000,0.000,0.00,0.000,0.000,0.00,0.000,0.000,0.00
12.8112,0.000,0.000,0.00,0.92,0.00,0.000,0.000,0.00,0.000,0.000,0.00,0.000,0.000,0.00,0.000,0.000,0.00,0.000,0.000,0.00,0.000,0.000,0.00,0.000,0.000,0.00,0.000,0.000,0.00,0.000,0.000,0.00,0.000,0.000,0.00,0.000,0.000,0.00,0.000,0.000,0.00,0.000,0.000,0.00,0.000,0.000,0.00,0.000,0.000,0.00,0.000,0.000,0.00,0.000,0.000,0.00,0.000,0.000,0.00,0.000,0.000,0.00,0.000,0.000,0.00,0.000,0.000,0.00,0.000,0.000,0.00,0.000,0.000,0.00,0.000,0.000,0.00,0.000,0.000,0.00,0.000,0.000,0.00,0.000,0.000,0.00,0.000,0.000,0.00,0.000,0.000,0.00,0.000,0.000,0.00
12.9131,0.000,0.000,0.00,0.77,0.00,0.000,0.000,0.00,0.000,0.000,0.00,0.000,0.000,0.00,0.000,0.000,0.00,0.000,0.000,0.00,0.000,0.000,0.00,0.000,0.000,0.00,0.000,0.000,0.00,0.000,0.000,0.00,0.000,0.000,0.00,0.000,0.000,0.00,0.000,0.000,0.00,0.000,0.000,0.00,0.000,0.000,0.00,0.000,0.000,0.00,0.000,0.000,0.00,0.000,0.000,0.00,0.000,0.000,0.00,0.000,0.000,0.00,0.000,0.000,0.00,0.000,0.000,0.00,0.000,0.000,0.00,0.000,0.000,0.00,0.000,0.000,0.00,0.000,0.000,0.00,0.000,0.000,0.00,0.000,0.000,0.00,0.000,0.000,0.00,0.000,0.000,0.00,0.000,0.000,0.00
13.0148,0.000,0.000,0.00,0.77,0.00,0.000,0.000,0.00,0.000,0.000,0.00,0.000,0.000,0.00,0.000,0.000,0.00,0.000,0.000,0.00,0.000,0.000,0.00,0.000,0.000,0.00,0.000,0.000,0.00,0.000,0.000,0.00,0.000,0.000,0.00,0.000,0.000,0.00,0.000,0.000,0.00,0.000,0.000,0.00,0.000,0.000,0.00,0.000,0.000,0.00,0.000,0.000,0.00,0.000,0.000,0.00,0.000,0.000,0.00,0.000,0.000,0.00,0.000,0.000,0.00,0.000,0.000,0.00,0.000,0.000,0.00,0.000,0.000,0.00,0.000,0.000,0.00,0.000,0.000,0.00,0.000,0.000,0.00,0.000,0.000,0.00,0.000,0.000,0.00,0.000,0.000,0.00,0.000,0.000,0.00
13.1167,0.000,0.000,0.00,0.84,0.00,0.000,0.000,0.00,0.000,0.000,0.00,0.000,0.000,0.00,0.000,0.000,0.00,0.000,0.000,0.00,0.000,0.000,0.00,0.000,0.000,0.00,0.000,0.000,0.00,0.000,0.000,0.00,0.000,0.000,0.00,0.000,0.000,0.00,0.000,0.000,0.00,0.000,0.000,0.00,0.000,0.000,0.00,0.000,0.000,0.00,0.000,0.000,0.00,0.000,0.000,0.00,0.000,0.000,0.00,0.000,0.000,0.00,0.000,0.000,0.00,0.000,0.000,0.00,0.000,0.000,0.00,0.000,0.000,0.00,0.000,0.000,0.00,0.000,0.000,0.00,0.000,0.000,0.00,0.000,0.000,0.00,0.000,0.000,0.00,0.000,0.000,0.00,0.000,0.000,0.00
13.2185,0.000,0.000,0.00,0.77,0.00,0.000,0.000,0.00,0.000,0.000,0.00,0.000,0.000,0.00,0.000,0.000,0.00,0.000,0.000,0.00,0.000,0.000,0.00,0.000,0.000,0.00,0.000,0.000,0.00,0.000,0.000,0.00,0.000,0.000,0.00,0.000,0.000,0.00,0.000,0.000,0.00,0.000,0.000,0.00,0.000,0.000,0.00,0.000,0.000,0.00,0.000,0.000,0.00,0.000,0.000,0.00,0.000,0.000,0.00,0.000,0.000,0.00,0.000,0.000,0.00,0.000,0.000,0.00,0.000,0.000,0.00,0.000,0.000,0.00,0.000,0.000,0.00,0.000,0.000,0.00,0.000,0.000,0.00,0.000,0.000,0.00,0.000,0.000,0.00,0.000,0.000,0.00,0.000,0.000,0.00
13.3203,0.000,0.000,0.00,0.84,0.00,0.000,0.000,0.00,0.000,0.000,0.00,0.000,0.000,0.00,0.000,0.000,0.00,0.000,0.000,0.00,0.000,0.000,0.00,0.000,0.000,0.00,0.000,0.000,0.00,0.000,0.000,0.00,0.000,0.000,0.00,0.000,0.000,0.00,0.000,0.000,0.00,0.000,0.000,0.00,0.000,0.000,0.00,0.000,0.000,0.00,0.000,0.000,0.00,0.000,0.000,0.00,0.000,0.000,0.00,0.000,0.000,0.00,0.000,0.000,0.00,0.000,0.000,0.00,0.000,0.000,0.00,0.000,0.000,0.00,0.000,0.000,0.00,0.000,0.000,0.00,0.000,0.000,0.00,0.000,0.000,0.00,0.000,0.000,0.00,0.000,0.000,0.00,0.000,0.000,0.00
13.4221,0.000,0.000,0.00,0.77,0.00,0.000,0.000,0.00,0.000,0.000,0.00,0.000,0.000,0.00,0.000,0.000,0.00,0.000,0.000,0.00,0.000,0.000,0.00,0.000,0.000,0.00,0.000,0.000,0.00,0.000,0.000,0.00,0.000,0.000,0.00,0.000,0.000,0.00,0.000,0.000,0.00,0.000,0.000,0.00,0.000,0.000,0.00,0.000,0.000,0.00,0.000,0.000,0.00,0.000,0.000,0.00,0.000,0.000,0.00,0.000,0.000,0.00,0.000,0.000,0.00,0.000,0.000,0.00,0.000,0.000,0.00,0.000,0.000,0.00,0.000,0.000,0.00,0.000,0.000,0.00,0.000,0.000,0.00,0.000,0.000,0.00,0.000,0.000,0.00,0.000,0.000,0.00,0.000,0.000,0.00
13.5239,0.000,0.000,0.00,0.84,0.00,0.000,0.000,0.00,0.000,0.000,0.00,0.000,0.000,0.00,0.000,0.000,0.00,0.000,0.000,0.00,0.000,0.000,0.00,0.000,0.000,0.00,0.000,0.000,0.00,0.000,0.000,0.00,0.000,0.000,0.00,0.000,0.000,0.00,0.000,0.000,0.00,0.000,0.000,0.00,0.000,0.000,0.00,0.000,0.000,0.00,0.000,0.000,0.00,0.000,0.000,0.00,0.000,0.000,0.00,0.000,0.000,0.00,0.000,0.000,0.00,0.000,0.000,0.00,0.000,0.000,0.00,0.000,0.000,0.00,0.000,0.000,0.00,0.000,0.000,0.00,0.000,0.000,0.00,0.000,0.000,0.00,0.000,0.000,0.00,0.000,0.000,0.00,0.000,0.000,0.00
13.6256,0.000,0.000,0.00,0.77,0.00,0.000,0.000,0.00,0.000,0.000,0.00,0.000,0.000,0.00,0.000,0.000,0.00,0.000,0.000,0.00,0.000,0.000,0.00,0.000,0.000,0.00,0.000,0.000,0.00,0.000,0.000,0.00,0.000,0.000,0.00,0.000,0.000,0.00,0.000,0.000,0.00,0.000,0.000,0.00,0.000,0.000,0.00,0.000,0.000,0.00,0.000,0.000,0.00,0.000,0.000,0.00,0.000,0.000,0.00,0.000,0.000,0.00,0.000,0.000,0.00,0.000,0.000,0.00,0.000,0.000,0.00,0.000,0.000,0.00,0.000,0.000,0.00,0.000,0.000,0.00,0.000,0.000,0.00,0.000,0.000,0.00,0.000,0.000,0.00,0.000,0.000,0.00,0.000,0.000,0.00
13.7273,0.000,0.000,0.00,0.84,0.00,0.000,0.000,0.00,0.000,0.000,0.00,0.000,0.000,0.00,0.000,0.000,0.00,0.000,0.000,0.00,0.000,0.000,0.00,0.000,0.000,0.00,0.000,0.000,0.00,0.000,0.000,0.00,0.000,0.000,0.00,0.000,0.000,0.00,0.000,0.000,0.00,0.000,0.000,0.00,0.000,0.000,0.00,0.000,0.000,0.00,0.000,0.000,0.00,0.000,0.000,0.00,0.000,0.000,0.00,0.000,0.000,0.00,0.000,0.000,0.00,0.000,0.000,0.00,0.000,0.000,0.00,0.000,0.000,0.00,0.000,0.000,0.00,0.000,0.000,0.00,0.000,0.000,0.00,0.000,0.000,0.00,0.000,0.000,0.00,0.000,0.000,0.00,0.000,0.000,0.00
13.8291,0.000,0.000,0.00,0.77,0.00,0.000,0.000,0.00,0.000,0.000,0.00,0.000,0.000,0.00,0.000,0.000,0.00,0.000,0.000,0.00,0.000,0.000,0.00,0.000,0.000,0.00,0.000,0.000,0.00,0.000,0.000,0.00,0.000,0.000,0.00,0.000,0.000,0.00,0.000,0.000,0.00,0.000,0.000,0.00,0.000,0.000,0.00,0.000,0.000,0.00,0.000,0.000,0.00,0.000,0.000,0.00,0.000,0.000,0.00,0.000,0.000,0.00,0.000,0.000,0.00,0.000,0.000,0.00,0.000,0.000,0.00,0.000,0.000,0.00,0.000,0.000,0.00,0.000,0.000,0.00,0.000,0.000,0.00,0.000,0.000,0.00,0.000,0.000,0.00,0.000,0.000,0.00,0.000,0.000,0.00
13.9310,0.000,0.000,0.00,0.77,0.00,0.000,0.000,0.00,0.000,0.000,0.00,0.000,0.000,0.00,0.000,0.000,0.00,0.000,0.000,0.00,0.000,0.000,0.00,0.000,0.000,0.00,0.000,0.000,0.00,0.000,0.000,0.00,0.000,0.000,0.00,0.000,0.000,0.00,0.000,0.000,0.00,0.000,0.000,0.00,0.000,0.000,0.00,0.000,0.000,0.00,0.000,0.000,0.00,0.000,0.000,0.00,0.000,0.000,0.00,0.000,0.000,0.00,0.000,0.000,0.00,0.000,0.000,0.00,0.000,0.000,0.00,0.000,0.000,0.00,0.000,0.000,0.00,0.000,0.000,0.00,0.000,0.000,0.00,0.000,0.000,0.00,0.000,0.000,0.00,0.000,0.000,0.00,0.000,0.000,0.00
14.0328,0.000,0.000,0.00,1.15,0.00,0.000,0.000,0.00,0.000,0.000,0.00,0.000,0.000,0.00,0.000,0.000,0.00,0.000,0.000,0.00,0.000,0.000,0.00,0.000,0.000,0.00,0.000,0.000,0.00,0.000,0.000,0.00,0.000,0.000,0.00,0.000,0.000,0.00,0.000,0.000,0.00,0.000,0.000,0.00,0.000,0.000,0.00,0.000,0.000,0.00,0.000,0.000,0.00,0.000,0.000,0.00,0.000,0.000,0.00,0.000,0.000,0.00,0.000,0.000,0.00,0.000,0.000,0.00,0.000,0.000,0.00,0.000,0.000,0.00,0.000,0.000,0.00,0.000,0.000,0.00,0.000,0.000,0.00,0.000,0.000,0.00,0.000,0.000,0.00,0.000,0.000,0.00,0.000,0.000,0.00
14.1347,0.000,0.633,0.10,0.77,0.00,0.000,0.000,0.00,0.000,0.000,0.00,0.000,0.000,0.00,0.000,0.000,0.00,0.000,0.000,0.00,0.000,0.000,0.00,0.000,0.000,0.00,0.000,0.000,0.00,0.000,0.000,0.00,0.000,0.000,0.00,0.000,0.000,0.00,0.000,0.000,0.00,0.000,0.000,0.00,0.000,0.000,0.00,0.000,0.000,0.00,0.000,0.000,0.00,0.000,0.633,2.94,0.000,0.000,0.00,0.000,0.000,0.00,0.000,0.000,0.00,0.000,0.000,0.00,0.000,0.000,0.00,0.000,0.000,0.00,0.000,0.000,0.00,0.000,0.000,0.00,0.000,0.000,0.00,0.000,0.000,0.00,0.000,0.000,0.00,0.000,0.000,0.00,0.000,0.000,0.00
14.2366,0.000,0.000,0.00,0.84,0.00,0.000,0.000,0.00,0.000,0.000,0.00,0.000,0.000,0.00,0.000,0.000,0.00,0.000,0.000,0.00,0.000,0.000,0.00,0.000,0.000,0.00,0.000,0.000,0.00,0.000,0.000,0.00,0.000,0.000,0.00,0.000,0.000,0.00,0.000,0.000,0.00,0.000,0.000,0.00,0.000,0.000,0.00,0.000,0.000,0.00,0.000,0.000,0.00,0.000,0.000,0.00,0.000,0.000,0.00,0.000,0.000,0.00,0.000,0.000,0.00,0.000,0.000,0.00,0.000,0.000,0.00,0.000,0.000,0.00,0.000,0.000,0.00,0.000,0.000,0.00,0.000,0.000,0.00,0.000,0.000,0.00,0.000,0.000,0.00,0.000,0.000,0.00,0.000,0.000,0.00
14.3384,0.000,0.000,0.00,0.69,0.00,0.000,0.000,0.00,0.000,0.000,0.00,0.000,0.000,0.00,0.000,0.000,0.00,0.000,0.000,0.00,0.000,0.000,0.00,0.000,0.000,0.00,0.000,0.000,0.00,0.000,0.000,0.00,0.000,0.000,0.00,0.000,0.000,0.00,0.000,0.000,0.00,0.000,0.000,0.00,0.000,0.000,0.00,0.000,0.000,0.00,0.000,0.000,0.00,0.000,0.000,0.00,0.000,0.000,0.00,0.000,0.000,0.00,0.000,0.000,0.00,0.000,0.000,0.00,0.000,0.000,0.00,0.000,0.000,0.00,0.000,0.000,0.00,0.000,0.000,0.00,0.000,0.000,0.00,0.000,0.000,0.00,0.000,0.000,0.00,0.000,0.000,0.00,0.000,0.000,0.00
14.4402,0.000,0.000,0.00,0.84,0.00,0.000,0.000,0.00,0.000,0.000,0.00,0.000,0.000,0.00,0.000,0.000,0.00,0.000,0.000,0.00,0.000,0.000,0.00,0.000,0.000,0.00,0.000,0.000,0.00,0.000,0.000,0.00,0.000,0.000,0.00,0.000,0.000,0.00,0.000,0.000,0.00,0.000,0.000,0.00,0.000,0.000,0.00,0.000,0.000,0.00,0.000,0.000,0.00,0.000,0.000,0.00,0.000,0.000,0.00,0.000,0.000,0.00,0.000,0.000,0.00,0.000,0.000,0.00,0.000,0.000,0.00,0.000,0.000,0.00,0.000,0.000,0.00,0.000,0.000,0.00,0.000,0.000,0.00,0.000,0.000,0.00,0.000,0.000,0.00,0.000,0.000,0.00,0.000,0.000,0.00
14.5420,0.000,0.000,0.00,0.77,0.00,0.000,0.000,0.00,0.000,0.000,0.00,0.000,0.000,0.00,0.000,0.000,0.00,0.000,0.000,0.00,0.000,0.000,0.00,0.000,0.000,0.00,0.000,0.000,0.00,0.000,0.000,0.00,0.000,0.000,0.00,0.000,0.000,0.00,0.000,0.000,0.00,0.000,0.000,0.00,0.000,0.000,0.00,0.000,0.000,0.00,0.000,0.000,0.00,0.000,0.000,0.00,0.000,0.000,0.00,0.000,0.000,0.00,0.000,0.000,0.00,0.000,0.000,0.00,0.000,0.000,0.00,0.000,0.000,0.00,0.000,0.000,0.00,0.000,0.000,0.00,0.000,0.000,0.00,0.000,0.000,0.00,0.000,0.000,0.00,0.000,0.000,0.00,0.000,0.000,0.00
14.6437,0.000,0.000,0.00,0.77,0.00,0.000,0.000,0.00,0.000,0.000,0.00,0.000,0.000,0.00,0.000,0.000,0.00,0.000,0.000,0.00,0.000,0.000,0.00,0.000,0.000,0.00,0.000,0.000,0.00,0.000,0.000,0.00,0.000,0.000,0.00,0.000,0.000,0.00,0.000,0.000,0.00,0.000,0.000,0.00,0.000,0.000,0.00,0.000,0.000,0.00,0.000,0.000,0.00,0.000,0.000,0.00,0.000,0.000,0.00,0.000,0.000,0.00,0.000,0.000,0.00,0.000,0.000,0.00,0.000,0.000,0.00,0.000,0.000,0.00,0.000,0.000,0.00,0.000,0.000,0.00,0.000,0.000,0.00,0.000,0.000,0.00,0.000,0.000,0.00,0.000,0.000,0.00,0.000,0.000,0.00
14.7456,0.000,0.000,0.00,0.93,0.00,0.000,0.000,0.00,0.000,0.000,0.00,0.000,0.000,0.00,0.000,0.000,0.00,0.000,0.000,0.00,0.000,0.000,0.00,0.000,0.000,0.00,0.000,0.000,0.00,0.000,0.000,0.00,0.000,0.000,0.00,0.000,0.000,0.00,0.000,0.000,0.00,0.000,0.000,0.00,0.000,0.000,0.00,0.000,0.000,0.00,0.000,0.000,0.00,0.000,0.000,0.00,0.000,0.000,0.00,0.000,0.000,0.00,0.000,0.000,0.00,0.000,0.000,0.00,0.000,0.000,0.00,0.000,0.000,0.00,0.000,0.000,0.00,0.000,0.000,0.00,0.000,0.000,0.00,0.000,0.000,0.00,0.000,0.000,0.00,0.000,0.000,0.00,0.000,0.000,0.00
14.8468,0.000,0.000,0.00,0.77,0.00,0.000,0.000,0.00,0.000,0.000,0.00,0.000,0.000,0.00,0.000,0.000,0.00,0.000,0.000,0.00,0.000,0.000,0.00,0.000,0.000,0.00,0.000,0.000,0.00,0.000,0.000,0.00,0.000,0.000,0.00,0.000,0.000,0.00,0.000,0.000,0.00,0.000,0.000,0.00,0.000,0.000,0.00,0.000,0.000,0.00,0.000,0.000,0.00,0.000,0.000,0.00,0.000,0.000,0.00,0.000,0.000,0.00,0.000,0.000,0.00,0.000,0.000,0.00,0.000,0.000,0.00,0.000,0.000,0.00,0.000,0.000,0.00,0.000,0.000,0.00,0.000,0.000,0.00,0.000,0.000,0.00,0.000,0.000,0.00,0.000,0.000,0.00,0.000,0.000,0.00
14.9486,0.000,0.000,0.00,0.84,0.00,0.000,0.000,0.00,0.000,0.000,0.00,0.000,0.000,0.00,0.000,0.000,0.00,0.000,0.000,0.00,0.000,0.000,0.00,0.000,0.000,0.00,0.000,0.000,0.00,0.000,0.000,0.00,0.000,0.000,0.00,0.000,0.000,0.00,0.000,0.000,0.00,0.000,0.000,0.00,0.000,0.000,0.00,0.000,0.000,0.00,0.000,0.000,0.00,0.000,0.000,0.00,0.000,0.000,0.00,0.000,0.000,0.00,0.000,0.000,0.00,0.000,0.000,0.00,0.000,0.000,0.00,0.000,0.000,0.00,0.000,0.000,0.00,0.000,0.000,0.00,0.000,0.000,0.00,0.000,0.000,0.00,0.000,0.000,0.00,0.000,0.000,0.00,0.000,0.000,0.00
15.0504,0.000,0.000,0.00,0.84,0.00,0.000,0.000,0.00,0.000,0.000,0.00,0.000,0.000,0.00,0.000,0.000,0.00,0.000,0.000,0.00,0.000,0.000,0.00,0.000,0.000,0.00,0.000,0.000,0.00,0.000,0.000,0.00,0.000,0.000,0.00,0.000,0.000,0.00,0.000,0.000,0.00,0.000,0.000,0.00,0.000,0.000,0.00,0.000,0.000,0.00,0.000,0.000,0.00,0.000,0.000,0.00,0.000,0.000,0.00,0.000,0.000,0.00,0.000,0.000,0.00,0.000,0.000,0.00,0.000,0.000,0.00,0.000,0.000,0.00,0.000,0.000,0.00,0.000,0.000,0.00,0.000,0.000,0.00,0.000,0.000,0.00,0.000,0.000,0.00,0.000,0.000,0.00,0.000,0.000,0.00
15.1523,0.000,0.417,0.07,0.84,0.00,0.000,0.000,0.00,0.000,0.000,0.00,0.000,0.000,0.00,0.000,0.000,0.00,0.000,0.000,0.00,0.000,0.000,0.00,0.000,0.000,0.00,0.000,0.000,0.00,0.000,0.000,0.00,0.000,0.000,0.00,0.000,0.000,0.00,0.000,0.000,0.00,0.000,0.000,0.00,0.000,0.417,1.96,0.000,0.000,0.00,0.000,0.000,0.00,0.000,0.000,0.00,0.000,0.000,0.00,0.000,0.000,0.00,0.000,0.000,0.00,0.000,0.000,0.00,0.000,0.000,0.00,0.000,0.000,0.00,0.000,0.000,0.00,0.000,0.000,0.00,0.000,0.000,0.00,0.000,0.000,0.00,0.000,0.000,0.00,0.000,0.000,0.00,0.000,0.000,0.00
15.2540,0.000,0.377,0.00,0.69,0.00,0.000,0.000,0.00,0.000,0.000,0.00,0.000,0.000,0.00,0.000,0.000,0.00,0.000,0.000,0.00,0.000,0.000,0.00,0.000,0.000,0.00,0.000,0.000,0.00,0.000,0.000,0.00,0.000,0.000,0.00,0.000,0.000,0.00,0.000,0.000,0.00,0.000,0.000,0.00,0.000,0.377,0.00,0.000,0.000,0.00,0.000,0.000,0.00,0.000,0.000,0.00,0.000,0.000,0.00,0.000,0.000,0.00,0.000,0.000,0.00,0.000,0.000,0.00,0.000,0.000,0.00,0.000,0.000,0.00,0.000,0.000,0.00,0.000,0.000,0.00,0.000,0.000,0.00,0.000,0.000,0.00,0.000,0.000,0.00,0.000,0.000,0.00,0.000,0.000,0.00
15.3559,0.000,0.000,0.00,0.92,0.00,0.000,0.000,0.00,0.000,0.000,0.00,0.000,0.000,0.00,0.000,0.000,0.00,0.000,0.000,0.00,0.000,0.000,0.00,0.000,0.000,0.00,0.000,0.000,0.00,0.000,0.000,0.00,0.000,0.000,0.00,0.000,0.000,0.00,0.000,0.000,0.00,0.000,0.000,0.00,0.000,0.000,0.00,0.000,0.000,0.00,0.000,0.000,0.00,0.000,0.000,0.00,0.000,0.000,0.00,0.000,0.000,0.00,0.000,0.000,0.00,0.000,0.000,0.00,0.000,0.000,0.00,0.000,0.000,0.00,0.000,0.000,0.00,0.000,0.000,0.00,0.000,0.000,0.00,0.000,0.000,0.00,0.000,0.000,0.00,0.000,0.000,0.00,0.000,0.000,0.00
15.4576,0.000,0.000,0.00,0.77,0.00,0.000,0.000,0.00,0.000,0.000,0.00,0.000,0.000,0.00,0.000,0.000,0.00,0.000,0.000,0.00,0.000,0.000,0.00,0.000,0.000,0.00,0.000,0.000,0.00,0.000,0.000,0.00,0.000,0.000,0.00,0.000,0.000,0.00,0.000,0.000,0.00,0.000,0.000,0.00,0.000,0.000,0.00,0.000,0.000,0.00,0.000,0.000,0.00,0.000,0.000,0.00,0.000,0.000,0.00,0.000,0.000,0.00,0.000,0.000,0.00,0.000,0.000,0.00,0.000,0.000,0.00,0.000,0.000,0.00,0.000,0.000,0.00,0.000,0.000,0.00,0.000,0.000,0.00,0.000,0.000,0.00,0.000,0.000,0.00,0.000,0.000,0.00,0.000,0.000,0.00
15.5593,0.000,0.000,0.00,0.92,0.00,0.000,0.000,0.00,0.000,0.000,0.00,0.000,0.000,0.00,0.000,0.000,0.00,0.000,0.000,0.00,0.000,0.000,0.00,0.000,0.000,0.00,0.000,0.000,0.00,0.000,0.000,0.00,0.000,0.000,0.00,0.000,0.000,0.00,0.000,0.000,0.00,0.000,0.000,0.00,0.000,0.000,0.00,0.000,0.000,0.00,0.000,0.000,0.00,0.000,0.000,0.00,0.000,0.000,0.00,0.000,0.000,0.00,0.000,0.000,0.00,0.000,0.000,0.00,0.000,0.000,0.00,0.000,0.000,0.00,0.000,0.000,0.00,0.000,0.000,0.00,0.000,0.000,0.00,0.000,0.000,0.00,0.000,0.000,0.00,0.000,0.000,0.00,0.000,0.000,0.00
15.6611,0.000,3.988,0.62,0.84,0.00,0.000,0.000,0.00,0.000,0.000,0.00,0.000,0.000,0.00,0.000,0.000,0.00,0.000,0.282,1.96,0.000,0.568,2.95,0.000,0.000,0.00,0.000,0.000,0.00,0.000,0.000,0.00,0.000,0.800,2.95,0.000,0.000,0.00,0.000,0.634,2.95,0.000,0.000,0.00,0.000,0.000,0.00,0.000,0.000,0.00,0.000,0.417,2.95,0.000,0.000,0.00,0.000,0.000,0.00,0.000,0.000,0.00,0.000,0.538,1.96,0.000,0.749,2.95,0.000,0.000,0.00,0.000,0.000,0.00,0.000,0.000,0.00,0.000,0.000,0.00,0.000,0.000,0.00,0.000,0.000,0.00,0.000,0.000,0.00,0.000,0.000,0.00,0.000,0.000,0.00
15.7630,0.000,1.604,0.00,0.92,0.00,0.000,0.000,0.00,0.000,0.000,0.00,0.000,0.000,0.00,0.000,0.000,0.00,0.000,0.508,0.00,0.000,0.342,0.00,0.000,0.000,0.00,0.000,0.000,0.00,0.000,0.000,0.00,0.000,0.000,0.00,0.000,0.000,0.00,0.000,0.000,0.00,0.000,0.000,0.00,0.000,0.000,0.00,0.000,0.000,0.00,0.000,0.377,0.00,0.000,0.000,0.00,0.000,0.000,0.00,0.000,0.000,0.00,0.000,0.377,0.00,0.000,0.000,0.00,0.000,0.000,0.00,0.000,0.000,0.00,0.000,0.000,0.00,0.000,0.000,0.00,0.000,0.000,0.00,0.000,0.000,0.00,0.000,0.000,0.00,0.000,0.000,0.00,0.000,0.000,0.00
15.8648,0.000,0.000,0.00,0.84,0.00,0.000,0.000,0.00,0.000,0.000,0.00,0.000,0.000,0.00,0.000,0.000,0.00,0.000,0.000,0.00,0.000,0.000,0.00,0.000,0.000,0.00,0.000,0.000,0.00,0.000,0.000,0.00,0.000,0.000,0.00,0.000,0.000,0.00,0.000,0.000,0.00,0.000,0.000,0.00,0.000,0.000,0.00,0.000,0.000,0.00,0.000,0.000,0.00,0.000,0.000,0.00,0.000,0.000,0.00,0.000,0.000,0.00,0.000,0.000,0.00,0.000,0.000,0.00,0.000,0.000,0.00,0.000,0.000,0.00,0.000,0.000,0.00,0.000,0.000,0.00,0.000,0.000,0.00,0.000,0.000,0.00,0.000,0.000,0.00,0.000,0.000,0.00,0.000,0.000,0.00
15.9666,0.000,0.000,0.00,0.77,0.00,0.000,0.000,0.00,0.000,0.000,0.00,0.000,0.000,0.00,0.000,0.000,0.00,0.000,0.000,0.00,0.000,0.000,0.00,0.000,0.000,0.00,0.000,0.000,0.00,0.000,0.000,0.00,0.000,0.000,0.00,0.000,0.000,0.00,0.000,0.000,0.00,0.000,0.000,0.00,0.000,0.000,0.00,0.000,0.000,0.00,0.000,0.000,0.00,0.000,0.000,0.00,0.000,0.000,0.00,0.000,0.000,0.00,0.000,0.000,0.00,0.000,0.000,0.00,0.000,0.000,0.00,0.000,0.000,0.00,0.000,0.000,0.00,0.000,0.000,0.00,0.000,0.000,0.00,0.000,0.000,0.00,0.000,0.000,0.00,0.000,0.000,0.00,0.000,0.000,0.00
16.0683,0.000,0.000,0.00,0.84,0.00,0.000,0.000,0.00,0.000,0.000,0.00,0.000,0.000,0.00,0.000,0.000,0.00,0.000,0.000,0.00,0.000,0.000,0.00,0.000,0.000,0.00,0.000,0.000,0.00,0.000,0.000,0.00,0.000,0.000,0.00,0.000,0.000,0.00,0.000,0.000,0.00,0.000,0.000,0.00,0.000,0.000,0.00,0.000,0.000,0.00,0.000,0.000,0.00,0.000,0.000,0.00,0.000,0.000,0.00,0.000,0.000,0.00,0.000,0.000,0.00,0.000,0.000,0.00,0.000,0.000,0.00,0.000,0.000,0.00,0.000,0.000,0.00,0.000,0.000,0.00,0.000,0.000,0.00,0.000,0.000,0.00,0.000,0.000,0.00,0.000,0.000,0.00,0.000,0.000,0.00
16.1702,0.000,1.337,0.13,0.77,0.00,0.000,0.000,0.00,0.000,0.000,0.00,0.000,0.000,0.00,0.000,0.000,0.00,0.000,0.000,0.00,0.000,0.000,0.00,0.000,0.000,0.00,0.000,0.000,0.00,0.000,0.000,0.00,0.000,0.000,0.00,0.000,0.000,0.00,0.000,0.000,0.00,0.000,0.000,0.00,0.000,0.000,0.00,0.000,0.000,0.00,0.000,0.000,0.00,0.000,0.000,0.00,0.000,0.000,0.00,0.000,0.000,0.00,0.000,0.000,0.00,0.000,0.000,0.00,0.000,0.000,0.00,0.000,0.000,0.00,0.000,0.000,0.00,0.000,0.000,0.00,0.000,0.000,0.00,0.000,0.000,0.00,0.000,0.000,0.00,0.000,0.910,1.96,0.000,0.427,1.96
16.2719,0.000,0.342,0.00,0.84,0.00,0.000,0.000,0.00,0.000,0.000,0.00,0.000,0.000,0.00,0.000,0.000,0.00,0.000,0.000,0.00,0.000,0.000,0.00,0.000,0.000,0.00,0.000,0.000,0.00,0.000,0.000,0.00,0.000,0.000,0.00,0.000,0.000,0.00,0.000,0.000,0.00,0.000,0.000,0.00,0.000,0.000,0.00,0.000,0.000,0.00,0.000,0.000,0.00,0.000,0.000,0.00,0.000,0.000,0.00,0.000,0.000,0.00,0.000,0.000,0.00,0.000,0.000,0.00,0.000,0.000,0.00,0.000,0.000,0.00,0.000,0.000,0.00,0.000,0.000,0.00,0.000,0.000,0.00,0.000,0.000,0.00,0.000,0.000,0.00,0.000,0.000,0.00,0.000,0.342,0.00
16.3736,0.000,0.000,0.00,0.77,0.00,0.000,0.000,0.00,0.000,0.000,0.00,0.000,0.000,0.00,0.000,0.000,0.00,0.000,0.000,0.00,0.000,0.000,0.00,0.000,0.000,0.00,0.000,0.000,0.00,0.000,0.000,0.00,0.000,0.000,0.00,0.000,0.000,0.00,0.000,0.000,0.00,0.000,0.000,0.00,0.000,0.000,0.00,0.000,0.000,0.00,0.000,0.000,0.00,0.000,0.000,0.00,0.000,0.000,0.00,0.000,0.000,0.00,0.000,0.000,0.00,0.000,0.000,0.00,0.000,0.000,0.00,0.000,0.000,0.00,0.000,0.000,0.00,0.000,0.000,0.00,0.000,0.000,0.00,0.000,0.000,0.00,0.000,0.000,0.00,0.000,0.000,0.00,0.000,0.000,0.00
16.4754,0.000,0.000,0.00,0.77,0.00,0.000,0.000,0.00,0.000,0.000,0.00,0.000,0.000,0.00,0.000,0.000,0.00,0.000,0.000,0.00,0.000,0.000,0.00,0.000,0.000,0.00,0.000,0.000,0.00,0.000,0.000,0.00,0.000,0.000,0.00,0.000,0.000,0.00,0.000,0.000,0.00,0.000,0.000,0.00,0.000,0.000,0.00,0.000,0.000,0.00,0.000,0.000,0.00,0.000,0.000,0.00,0.000,0.000,0.00,0.000,0.000,0.00,0.000,0.000,0.00,0.000,0.000,0.00,0.000,0.000,0.00,0.000,0.000,0.00,0.000,0.000,0.00,0.000,0.000,0.00,0.000,0.000,0.00,0.000,0.000,0.00,0.000,0.000,0.00,0.000,0.000,0.00,0.000,0.000,0.00
16.5772,0.000,0.000,0.00,0.77,0.00,0.000,0.000,0.00,0.000,0.000,0.00,0.000,0.000,0.00,0.000,0.000,0.00,0.000,0.000,0.00,0.000,0.000,0.00,0.000,0.000,0.00,0.000,0.000,0.00,0.000,0.000,0.00,0.000,0.000,0.00,0.000,0.000,0.00,0.000,0.000,0.00,0.000,0.000,0.00,0.000,0.000,0.00,0.000,0.000,0.00,0.000,0.000,0.00,0.000,0.000,0.00,0.000,0.000,0.00,0.000,0.000,0.00,0.000,0.000,0.00,0.000,0.000,0.00,0.000,0.000,0.00,0.000,0.000,0.00,0.000,0.000,0.00,0.000,0.000,0.00,0.000,0.000,0.00,0.000,0.000,0.00,0.000,0.000,0.00,0.000,0.000,0.00,0.000,0.000,0.00
16.6791,0.000,0.427,0.07,0.84,0.00,0.000,0.000,0.00,0.000,0.427,1.96,0.000,0.000,0.00,0.000,0.000,0.00,0.000,0.000,0.00,0.000,0.000,0.00,0.000,0.000,0.00,0.000,0.000,0.00,0.000,0.000,0.00,0.000,0.000,0.00,0.000,0.000,0.00,0.000,0.000,0.00,0.000,0.000,0.00,0.000,0.000,0.00,0.000,0.000,0.00,0.000,0.000,0.00,0.000,0.000,0.00,0.000,0.000,0.00,0.000,0.000,0.00,0.000,0.000,0.00,0.000,0.000,0.00,0.000,0.000,0.00,0.000,0.000,0.00,0.000,0.000,0.00,0.000,0.000,0.00,0.000,0.000,0.00,0.000,0.000,0.00,0.000,0.000,0.00,0.000,0.000,0.00,0.000,0.000,0.00
16.7809,0.000,0.468,0.00,1.00,0.00,0.000,0.000,0.00,0.000,0.468,0.00,0.000,0.000,0.00,0.000,0.000,0.00,0.000,0.000,0.00,0.000,0.000,0.00,0.000,0.000,0.00,0.000,0.000,0.00,0.000,0.000,0.00,0.000,0.000,0.00,0.000,0.000,0.00,0.000,0.000,0.00,0.000,0.000,0.00,0.000,0.000,0.00,0.000,0.000,0.00,0.000,0.000,0.00,0.000,0.000,0.00,0.000,0.000,0.00,0.000,0.000,0.00,0.000,0.000,0.00,0.000,0.000,0.00,0.000,0.000,0.00,0.000,0.000,0.00,0.000,0.000,0.00,0.000,0.000,0.00,0.000,0.000,0.00,0.000,0.000,0.00,0.000,0.000,0.00,0.000,0.000,0.00,0.000,0.000,0.00
16.8828,0.000,0.000,0.00,0.77,0.00,0.000,0.000,0.00,0.000,0.000,0.00,0.000,0.000,0.00,0.000,0.000,0.00,0.000,0.000,0.00,0.000,0.000,0.00,0.000,0.000,0.00,0.000,0.000,0.00,0.000,0.000,0.00,0.000,0.000,0.00,0.000,0.000,0.00,0.000,0.000,0.00,0.000,0.000,0.00,0.000,0.000,0.00,0.000,0.000,0.00,0.000,0.000,0.00,0.000,0.000,0.00,0.000,0.000,0.00,0.000,0.000,0.00,0.000,0.000,0.00,0.000,0.000,0.00,0.000,0.000,0.00,0.000,0.000,0.00,0.000,0.000,0.00,0.000,0.000,0.00,0.000,0.000,0.00,0.000,0.000,0.00,0.000,0.000,0.00,0.000,0.000,0.00,0.000,0.000,0.00
16.9845,0.000,0.000,0.00,10.87,0.00,0.000,0.000,0.00,0.000,0.000,0.00,0.000,0.000,0.00,0.000,0.000,0.00,0.000,0.000,0.00,0.000,0.000,0.00,0.000,0.000,0.00,0.000,0.000,0.00,0.000,0.000,0.00,0.000,0.000,0.00,0.000,0.000,0.00,0.000,0.000,0.00,0.000,0.000,0.00,0.000,0.000,0.00,0.000,0.000,0.00,0.000,0.000,0.00,0.000,0.000,0.00,0.000,0.000,0.00,0.000,0.000,0.00,0.000,0.000,0.00,0.000,0.000,0.00,0.000,0.000,0.00,0.000,0.000,0.00,0.000,0.000,0.00,0.000,0.000,0.00,0.000,0.000,0.00,0.000,0.000,0.00,0.000,0.000,0.00,0.000,0.000,0.00,0.000,0.000,0.00
17.0863,0.000,0.000,0.00,0.77,0.00,0.000,0.000,0.00,0.000,0.000,0.00,0.000,0.000,0.00,0.000,0.000,0.00,0.000,0.000,0.00,0.000,0.000,0.00,0.000,0.000,0.00,0.000,0.000,0.00,0.000,0.000,0.00,0.000,0.000,0.00,0.000,0.000,0.00,0.000,0.000,0.00,0.000,0.000,0.00,0.000,0.000,0.00,0.000,0.000,0.00,0.000,0.000,0.00,0.000,0.000,0.00,0.000,0.000,0.00,0.000,0.000,0.00,0.000,0.000,0.00,0.000,0.000,0.00,0.000,0.000,0.00,0.000,0.000,0.00,0.000,0.000,0.00,0.000,0.000,0.00,0.000,0.000,0.00,0.000,0.000,0.00,0.000,0.000,0.00,0.000,0.000,0.00,0.000,0.000,0.00
17.1882,0.000,0.633,0.07,0.84,0.00,0.000,0.000,0.00,0.000,0.000,0.00,0.000,0.000,0.00,0.000,0.000,0.00,0.000,0.000,0.00,0.000,0.000,0.00,0.000,0.000,0.00,0.000,0.633,1.96,0.000,0.000,0.00,0.000,0.000,0.00,0.000,0.000,0.00,0.000,0.000,0.00,0.000,0.000,0.00,0.000,0.000,0.00,0.000,0.000,0.00,0.000,0.000,0.00,0.000,0.000,0.00,0.000,0.000,0.00,0.000,0.000,0.00,0.000,0.000,0.00,0.000,0.000,0.00,0.000,0.000,0.00,0.000,0.000,0.00,0.000,0.000,0.00,0.000,0.000,0.00,0.000,0.000,0.00,0.000,0.000,0.00,0.000,0.000,0.00,0.000,0.000,0.00,0.000,0.000,0.00
17.2899,0.000,0.000,0.00,0.84,0.00,0.000,0.000,0.00,0.000,0.000,0.00,0.000,0.000,0.00,0.000,0.000,0.00,0.000,0.000,0.00,0.000,0.000,0.00,0.000,0.000,0.00,0.000,0.000,0.00,0.000,0.000,0.00,0.000,0.000,0.00,0.000,0.000,0.00,0.000,0.000,0.00,0.000,0.000,0.00,0.000,0.000,0.00,0.000,0.000,0.00,0.000,0.000,0.00,0.000,0.000,0.00,0.000,0.000,0.00,0.000,0.000,0.00,0.000,0.000,0.00,0.000,0.000,0.00,0.000,0.000,0.00,0.000,0.000,0.00,0.000,0.000,0.00,0.000,0.000,0.00,0.000,0.000,0.00,0.000,0.000,0.00,0.000,0.000,0.00,0.000,0.000,0.00,0.000,0.000,0.00
17.3918,0.000,0.000,0.00,0.77,0.00,0.000,0.000,0.00,0.000,0.000,0.00,0.000,0.000,0.00,0.000,0.000,0.00,0.000,0.000,0.00,0.000,0.000,0.00,0.000,0.000,0.00,0.000,0.000,0.00,0.000,0.000,0.00,0.000,0.000,0.00,0.000,0.000,0.00,0.000,0.000,0.00,0.000,0.000,0.00,0.000,0.000,0.00,0.000,0.000,0.00,0.000,0.000,0.00,0.000,0.000,0.00,0.000,0.000,0.00,0.000,0.000,0.00,0.000,0.000,0.00,0.000,0.000,0.00,0.000,0.000,0.00,0.000,0.000,0.00,0.000,0.000,0.00,0.000,0.000,0.00,0.000,0.000,0.00,0.000,0.000,0.00,0.000,0.000,0.00,0.000,0.000,0.00,0.000,0.000,0.00
17.4935,0.000,0.000,0.00,0.77,0.00,0.000,0.000,0.00,0.000,0.000,0.00,0.000,0.000,0.00,0.000,0.000,0.00,0.000,0.000,0.00,0.000,0.000,0.00,0.000,0.000,0.00,0.000,0.000,0.00,0.000,0.000,0.00,0.000,0.000,0.00,0.000,0.000,0.00,0.000,0.000,0.00,0.000,0.000,0.00,0.000,0.000,0.00,0.000,0.000,0.00,0.000,0.000,0.00,0.000,0.000,0.00,0.000,0.000,0.00,0.000,0.000,0.00,0.000,0.000,0.00,0.000,0.000,0.00,0.000,0.000,0.00,0.000,0.000,0.00,0.000,0.000,0.00,0.000,0.000,0.00,0.000,0.000,0.00,0.000,0.000,0.00,0.000,0.000,0.00,0.000,0.000,0.00,0.000,0.000,0.00
17.5953,0.000,0.000,0.00,0.77,0.00,0.000,0.000,0.00,0.000,0.000,0.00,0.000,0.000,0.00,0.000,0.000,0.00,0.000,0.000,0.00,0.000,0.000,0.00,0.000,0.000,0.00,0.000,0.000,0.00,0.000,0.000,0.00,0.000,0.000,0.00,0.000,0.000,0.00,0.000,0.000,0.00,0.000,0.000,0.00,0.000,0.000,0.00,0.000,0.000,0.00,0.000,0.000,0.00,0.000,0.000,0.00,0.000,0.000,0.00,0.000,0.000,0.00,0.000,0.000,0.00,0.000,0.000,0.00,0.000,0.000,0.00,0.000,0.000,0.00,0.000,0.000,0.00,0.000,0.000,0.00,0.000,0.000,0.00,0.000,0.000,0.00,0.000,0.000,0.00,0.000,0.000,0.00,0.000,0.000,0.00
17.6973,0.000,0.000,0.00,0.77,0.00,0.000,0.000,0.00,0.000,0.000,0.00,0.000,0.000,0.00,0.000,0.000,0.00,0.000,0.000,0.00,0.000,0.000,0.00,0.000,0.000,0.00,0.000,0.000,0.00,0.000,0.000,0.00,0.000,0.000,0.00,0.000,0.000,0.00,0.000,0.000,0.00,0.000,0.000,0.00,0.000,0.000,0.00,0.000,0.000,0.00,0.000,0.000,0.00,0.000,0.000,0.00,0.000,0.000,0.00,0.000,0.000,0.00,0.000,0.000,0.00,0.000,0.000,0.00,0.000,0.000,0.00,0.000,0.000,0.00,0.000,0.000,0.00,0.000,0.000,0.00,0.000,0.000,0.00,0.000,0.000,0.00,0.000,0.000,0.00,0.000,0.000,0.00,0.000,0.000,0.00
17.7993,0.000,0.000,0.00,1.00,0.00,0.000,0.000,0.00,0.000,0.000,0.00,0.000,0.000,0.00,0.000,0.000,0.00,0.000,0.000,0.00,0.000,0.000,0.00,0.000,0.000,0.00,0.000,0.000,0.00,0.000,0.000,0.00,0.000,0.000,0.00,0.000,0.000,0.00,0.000,0.000,0.00,0.000,0.000,0.00,0.000,0.000,0.00,0.000,0.000,0.00,0.000,0.000,0.00,0.000,0.000,0.00,0.000,0.000,0.00,0.000,0.000,0.00,0.000,0.000,0.00,0.000,0.000,0.00,0.000,0.000,0.00,0.000,0.000,0.00,0.000,0.000,0.00,0.000,0.000,0.00,0.000,0.000,0.00,0.000,0.000,0.00,0.000,0.000,0.00,0.000,0.000,0.00,0.000,0.000,0.00
17.9012,0.000,0.000,0.00,0.84,0.00,0.000,0.000,0.00,0.000,0.000,0.00,0.000,0.000,0.00,0.000,0.000,0.00,0.000,0.000,0.00,0.000,0.000,0.00,0.000,0.000,0.00,0.000,0.000,0.00,0.000,0.000,0.00,0.000,0.000,0.00,0.000,0.000,0.00,0.000,0.000,0.00,0.000,0.000,0.00,0.000,0.000,0.00,0.000,0.000,0.00,0.000,0.000,0.00,0.000,0.000,0.00,0.000,0.000,0.00,0.000,0.000,0.00,0.000,0.000,0.00,0.000,0.000,0.00,0.000,0.000,0.00,0.000,0.000,0.00,0.000,0.000,0.00,0.000,0.000,0.00,0.000,0.000,0.00,0.000,0.000,0.00,0.000,0.000,0.00,0.000,0.000,0.00,0.000,0.000,0.00
18.0031,0.000,0.000,0.00,0.77,0.00,0.000,0.000,0.00,0.000,0.000,0.00,0.000,0.000,0.00,0.000,0.000,0.00,0.000,0.000,0.00,0.000,0.000,0.00,0.000,0.000,0.00,0.000,0.000,0.00,0.000,0.000,0.00,0.000,0.000,0.00,0.000,0.000,0.00,0.000,0.000,0.00,0.000,0.000,0.00,0.000,0.000,0.00,0.000,0.000,0.00,0.000,0.000,0.00,0.000,0.000,0.00,0.000,0.000,0.00,0.000,0.000,0.00,0.000,0.000,0.00,0.000,0.000,0.00,0.000,0.000,0.00,0.000,0.000,0.00,0.000,0.000,0.00,0.000,0.000,0.00,0.000,0.000,0.00,0.000,0.000,0.00,0.000,0.000,0.00,0.000,0.000,0.00,0.000,0.000,0.00
18.1051,0.000,0.000,0.00,0.77,0.00,0.000,0.000,0.00,0.000,0.000,0.00,0.000,0.000,0.00,0.000,0.000,0.00,0.000,0.000,0.00,0.000,0.000,0.00,0.000,0.000,0.00,0.000,0.000,0.00,0.000,0.000,0.00,0.000,0.000,0.00,0.000,0.000,0.00,0.000,0.000,0.00,0.000,0.000,0.00,0.000,0.000,0.00,0.000,0.000,0.00,0.000,0.000,0.00,0.000,0.000,0.00,0.000,0.000,0.00,0.000,0.000,0.00,0.000,0.000,0.00,0.000,0.000,0.00,0.000,0.000,0.00,0.000,0.000,0.00,0.000,0.000,0.00,0.000,0.000,0.00,0.000,0.000,0.00,0.000,0.000,0.00,0.000,0.000,0.00,0.000,0.000,0.00,0.000,0.000,0.00
18.2073,0.000,0.000,0.00,0.84,0.00,0.000,0.000,0.00,0.000,0.000,0.00,0.000,0.000,0.00,0.000,0.000,0.00,0.000,0.000,0.00,0.000,0.000,0.00,0.000,0.000,0.00,0.000,0.000,0.00,0.000,0.000,0.00,0.000,0.000,0.00,0.000,0.000,0.00,0.000,0.000,0.00,0.000,0.000,0.00,0.000,0.000,0.00,0.000,0.000,0.00,0.000,0.000,0.00,0.000,0.000,0.00,0.000,0.000,0.00,0.000,0.000,0.00,0.000,0.000,0.00,0.000,0.000,0.00,0.000,0.000,0.00,0.000,0.000,0.00,0.000,0.000,0.00,0.000,0.000,0.00,0.000,0.000,0.00,0.000,0.000,0.00,0.000,0.000,0.00,0.000,0.000,0.00,0.000,0.000,0.00
18.3093,0.000,0.000,0.00,0.84,0.00,0.000,0.000,0.00,0.000,0.000,0.00,0.000,0.000,0.00,0.000,0.000,0.00,0.000,0.000,0.00,0.000,0.000,0.00,0.000,0.000,0.00,0.000,0.000,0.00,0.000,0.000,0.00,0.000,0.000,0.00,0.000,0.000,0.00,0.000,0.000,0.00,0.000,0.000,0.00,0.000,0.000,0.00,0.000,0.000,0.00,0.000,0.000,0.00,0.000,0.000,0.00,0.000,0.000,0.00,0.000,0.000,0.00,0.000,0.000,0.00,0.000,0.000,0.00,0.000,0.000,0.00,0.000,0.000,0.00,0.000,0.000,0.00,0.000,0.000,0.00,0.000,0.000,0.00,0.000,0.000,0.00,0.000,0.000,0.00,0.000,0.000,0.00,0.000,0.000,0.00
18.3366,0.000,0.000,0.00,0.57,0.00,0.000,0.000,0.00,0.000,0.000,0.00,0.000,0.000,0.00,0.000,0.000,0.00,0.000,0.000,0.00,0.000,0.000,0.00,0.000,0.000,0.00,0.000,0.000,0.00,0.000,0.000,0.00,0.000,0.000,0.00,0.000,0.000,0.00,0.000,0.000,0.00,0.000,0.000,0.00,0.000,0.000,0.00,0.000,0.000,0.00,0.000,0.000,0.00,0.000,0.000,0.00,0.000,0.000,0.00,0.000,0.000,0.00,0.000,0.000,0.00,0.000,0.000,0.00,0.000,0.000,0.00,0.000,0.000,0.00,0.000,0.000,0.00,0.000,0.000,0.00,0.000,0.000,0.00,0.000,0.000,0.00,0.000,0.000,0.00,0.000,0.000,0.00,0.000,0.000,0.00
